catalog_family,catalog_item_no,source_page,source_product_description,base_product_name,module_size,automation_tier,surface_finish,price_inr,availability_status
Tactus,1,1,Touch Door Bell (Only Touch),Touch Door Bell (Only Touch),2,remote,acrylic,2599,Available
Tactus,1,1,Touch Door Bell (Only Touch),Touch Door Bell (Only Touch),2,remote,glass,3499,Available
Tactus,1,1,Touch Door Bell (Only Touch),Touch Door Bell (Only Touch),2,wifi,acrylic,2599,Available
Tactus,1,1,Touch Door Bell (Only Touch),Touch Door Bell (Only Touch),2,wifi,glass,3499,Available
Tactus,1,1,Touch Door Bell (Only Touch),Touch Door Bell (Only Touch),2,zigbee,acrylic,2599,Available
Tactus,1,1,Touch Door Bell (Only Touch),Touch Door Bell (Only Touch),2,zigbee,glass,3499,Available
Tactus,2,1,Touch 2 Switch (1-2Way),Touch 2 Switch (1-2Way),2,remote,acrylic,4499,Available
Tactus,2,1,Touch 2 Switch (1-2Way),Touch 2 Switch (1-2Way),2,remote,glass,5299,Available
Tactus,2,1,Touch 2 Switch (1-2Way),Touch 2 Switch (1-2Way),2,wifi,acrylic,7299,Available
Tactus,2,1,Touch 2 Switch (1-2Way),Touch 2 Switch (1-2Way),2,wifi,glass,8099,Available
Tactus,2,1,Touch 2 Switch (1-2Way),Touch 2 Switch (1-2Way),2,zigbee,acrylic,9399,Available
Tactus,2,1,Touch 2 Switch (1-2Way),Touch 2 Switch (1-2Way),2,zigbee,glass,10299,Available
Tactus,3,1,Touch 2 Switch (1-16A),Touch 2 Switch (1-16A),2,remote,acrylic,4599,Available
Tactus,3,1,Touch 2 Switch (1-16A),Touch 2 Switch (1-16A),2,remote,glass,5499,Available
Tactus,3,1,Touch 2 Switch (1-16A),Touch 2 Switch (1-16A),2,wifi,acrylic,7399,Available
Tactus,3,1,Touch 2 Switch (1-16A),Touch 2 Switch (1-16A),2,wifi,glass,8299,Available
Tactus,3,1,Touch 2 Switch (1-16A),Touch 2 Switch (1-16A),2,zigbee,acrylic,9599,Available
Tactus,3,1,Touch 2 Switch (1-16A),Touch 2 Switch (1-16A),2,zigbee,glass,10399,Available
Tactus,4,1,Touch 4 Switch (All 6A Switch),Touch 4 Switch (All 6A Switch),2,remote,acrylic,5799,Available
Tactus,4,1,Touch 4 Switch (All 6A Switch),Touch 4 Switch (All 6A Switch),2,remote,glass,6599,Available
Tactus,4,1,Touch 4 Switch (All 6A Switch),Touch 4 Switch (All 6A Switch),2,wifi,acrylic,8599,Available
Tactus,4,1,Touch 4 Switch (All 6A Switch),Touch 4 Switch (All 6A Switch),2,wifi,glass,9399,Available
Tactus,4,1,Touch 4 Switch (All 6A Switch),Touch 4 Switch (All 6A Switch),2,zigbee,acrylic,10699,Available
Tactus,4,1,Touch 4 Switch (All 6A Switch),Touch 4 Switch (All 6A Switch),2,zigbee,glass,11599,Available
Tactus,5,1,Touch 4 Switch Scene Control,Touch 4 Switch Scene Control,2,remote,acrylic,4799,Available
Tactus,5,1,Touch 4 Switch Scene Control,Touch 4 Switch Scene Control,2,remote,glass,5599,Available
Tactus,5,1,Touch 4 Switch Scene Control,Touch 4 Switch Scene Control,2,wifi,acrylic,7599,Available
Tactus,5,1,Touch 4 Switch Scene Control,Touch 4 Switch Scene Control,2,wifi,glass,8399,Available
Tactus,5,1,Touch 4 Switch Scene Control,Touch 4 Switch Scene Control,2,zigbee,acrylic,9699,Available
Tactus,5,1,Touch 4 Switch Scene Control,Touch 4 Switch Scene Control,2,zigbee,glass,10599,Available
Tactus,6,1,Touch 2 Dimmer (Phase cut),Touch 2 Dimmer (Phase cut),2,remote,acrylic,5799,Available
Tactus,6,1,Touch 2 Dimmer (Phase cut),Touch 2 Dimmer (Phase cut),2,remote,glass,6599,Available
Tactus,6,1,Touch 2 Dimmer (Phase cut),Touch 2 Dimmer (Phase cut),2,wifi,acrylic,8599,Available
Tactus,6,1,Touch 2 Dimmer (Phase cut),Touch 2 Dimmer (Phase cut),2,wifi,glass,9399,Available
Tactus,6,1,Touch 2 Dimmer (Phase cut),Touch 2 Dimmer (Phase cut),2,zigbee,acrylic,10699,Available
Tactus,6,1,Touch 2 Dimmer (Phase cut),Touch 2 Dimmer (Phase cut),2,zigbee,glass,11599,Available
Tactus,7,1,Touch Curtain Switch,Touch Curtain Switch,2,remote,acrylic,4599,Available
Tactus,7,1,Touch Curtain Switch,Touch Curtain Switch,2,remote,glass,5499,Available
Tactus,7,1,Touch Curtain Switch,Touch Curtain Switch,2,wifi,acrylic,7399,Available
Tactus,7,1,Touch Curtain Switch,Touch Curtain Switch,2,wifi,glass,8299,Available
Tactus,7,1,Touch Curtain Switch,Touch Curtain Switch,2,zigbee,acrylic,9599,Available
Tactus,7,1,Touch Curtain Switch,Touch Curtain Switch,2,zigbee,glass,10399,Available
Tactus,8,1,Touch Dual Curtain Switch,Touch Dual Curtain Switch,2,remote,acrylic,5799,Available
Tactus,8,1,Touch Dual Curtain Switch,Touch Dual Curtain Switch,2,remote,glass,6599,Available
Tactus,8,1,Touch Dual Curtain Switch,Touch Dual Curtain Switch,2,wifi,acrylic,8599,Available
Tactus,8,1,Touch Dual Curtain Switch,Touch Dual Curtain Switch,2,wifi,glass,9399,Available
Tactus,8,1,Touch Dual Curtain Switch,Touch Dual Curtain Switch,2,zigbee,acrylic,10699,Available
Tactus,8,1,Touch Dual Curtain Switch,Touch Dual Curtain Switch,2,zigbee,glass,11599,Available
Tactus,9,1,Touch 2 Switch,Touch 2 Switch,3,remote,acrylic,4799,Available
Tactus,9,1,Touch 2 Switch,Touch 2 Switch,3,remote,glass,5899,Available
Tactus,9,1,Touch 2 Switch,Touch 2 Switch,3,wifi,acrylic,7599,Available
Tactus,9,1,Touch 2 Switch,Touch 2 Switch,3,wifi,glass,8699,Available
Tactus,9,1,Touch 2 Switch,Touch 2 Switch,3,zigbee,acrylic,9699,Available
Tactus,9,1,Touch 2 Switch,Touch 2 Switch,3,zigbee,glass,10799,Available
Tactus,10,1,Touch 4 Switch (All 6A Switch),Touch 4 Switch (All 6A Switch),3,remote,acrylic,6099,Available
Tactus,10,1,Touch 4 Switch (All 6A Switch),Touch 4 Switch (All 6A Switch),3,remote,glass,7199,Available
Tactus,10,1,Touch 4 Switch (All 6A Switch),Touch 4 Switch (All 6A Switch),3,wifi,acrylic,8899,Available
Tactus,10,1,Touch 4 Switch (All 6A Switch),Touch 4 Switch (All 6A Switch),3,wifi,glass,9999,Available
Tactus,10,1,Touch 4 Switch (All 6A Switch),Touch 4 Switch (All 6A Switch),3,zigbee,acrylic,11099,Available
Tactus,10,1,Touch 4 Switch (All 6A Switch),Touch 4 Switch (All 6A Switch),3,zigbee,glass,12099,Available
Tactus,11,1,Touch 2 Switch 1 Socket (6A),Touch 2 Switch 1 Socket (6A),4,remote,acrylic,4999,Available
Tactus,11,1,Touch 2 Switch 1 Socket (6A),Touch 2 Switch 1 Socket (6A),4,remote,glass,6399,Available
Tactus,11,1,Touch 2 Switch 1 Socket (6A),Touch 2 Switch 1 Socket (6A),4,wifi,acrylic,7799,Available
Tactus,11,1,Touch 2 Switch 1 Socket (6A),Touch 2 Switch 1 Socket (6A),4,wifi,glass,9199,Available
Tactus,11,1,Touch 2 Switch 1 Socket (6A),Touch 2 Switch 1 Socket (6A),4,zigbee,acrylic,9999,Available
Tactus,11,1,Touch 2 Switch 1 Socket (6A),Touch 2 Switch 1 Socket (6A),4,zigbee,glass,11299,Available
Tactus,12,1,Touch 2 Switch (1-16A) 1 Socket (16A),Touch 2 Switch (1-16A) 1 Socket (16A),4,remote,acrylic,5499,Available
Tactus,12,1,Touch 2 Switch (1-16A) 1 Socket (16A),Touch 2 Switch (1-16A) 1 Socket (16A),4,remote,glass,6799,Available
Tactus,12,1,Touch 2 Switch (1-16A) 1 Socket (16A),Touch 2 Switch (1-16A) 1 Socket (16A),4,wifi,acrylic,8299,Available
Tactus,12,1,Touch 2 Switch (1-16A) 1 Socket (16A),Touch 2 Switch (1-16A) 1 Socket (16A),4,wifi,glass,9699,Available
Tactus,12,1,Touch 2 Switch (1-16A) 1 Socket (16A),Touch 2 Switch (1-16A) 1 Socket (16A),4,zigbee,acrylic,10499,Available
Tactus,12,1,Touch 2 Switch (1-16A) 1 Socket (16A),Touch 2 Switch (1-16A) 1 Socket (16A),4,zigbee,glass,11799,Available
Tactus,13,2,Touch 4 Switch,Touch 4 Switch,4,remote,acrylic,6599,Available
Tactus,13,2,Touch 4 Switch,Touch 4 Switch,4,remote,glass,7799,Available
Tactus,13,2,Touch 4 Switch,Touch 4 Switch,4,wifi,acrylic,9399,Available
Tactus,13,2,Touch 4 Switch,Touch 4 Switch,4,wifi,glass,10599,Available
Tactus,13,2,Touch 4 Switch,Touch 4 Switch,4,zigbee,acrylic,11599,Available
Tactus,13,2,Touch 4 Switch,Touch 4 Switch,4,zigbee,glass,12699,Available
Tactus,14,2,Touch 4 Switch 1 Socket (6A) (All 6A Switch),Touch 4 Switch 1 Socket (6A) (All 6A Switch),4,remote,acrylic,6399,Available
Tactus,14,2,Touch 4 Switch 1 Socket (6A) (All 6A Switch),Touch 4 Switch 1 Socket (6A) (All 6A Switch),4,remote,glass,7699,Available
Tactus,14,2,Touch 4 Switch 1 Socket (6A) (All 6A Switch),Touch 4 Switch 1 Socket (6A) (All 6A Switch),4,wifi,acrylic,9199,Available
Tactus,14,2,Touch 4 Switch 1 Socket (6A) (All 6A Switch),Touch 4 Switch 1 Socket (6A) (All 6A Switch),4,wifi,glass,10499,Available
Tactus,14,2,Touch 4 Switch 1 Socket (6A) (All 6A Switch),Touch 4 Switch 1 Socket (6A) (All 6A Switch),4,zigbee,acrylic,11299,Available
Tactus,14,2,Touch 4 Switch 1 Socket (6A) (All 6A Switch),Touch 4 Switch 1 Socket (6A) (All 6A Switch),4,zigbee,glass,12599,Available
Tactus,15,2,Touch 4 Switch 1 Fan Regulator,Touch 4 Switch 1 Fan Regulator,4,remote,acrylic,9099,Available
Tactus,15,2,Touch 4 Switch 1 Fan Regulator,Touch 4 Switch 1 Fan Regulator,4,remote,glass,10199,Available
Tactus,15,2,Touch 4 Switch 1 Fan Regulator,Touch 4 Switch 1 Fan Regulator,4,wifi,acrylic,11899,Available
Tactus,15,2,Touch 4 Switch 1 Fan Regulator,Touch 4 Switch 1 Fan Regulator,4,wifi,glass,12999,Available
Tactus,15,2,Touch 4 Switch 1 Fan Regulator,Touch 4 Switch 1 Fan Regulator,4,zigbee,acrylic,13999,Available
Tactus,15,2,Touch 4 Switch 1 Fan Regulator,Touch 4 Switch 1 Fan Regulator,4,zigbee,glass,15199,Available
Tactus,16,2,Touch 6 Switch,Touch 6 Switch,4,remote,acrylic,8299,Available
Tactus,16,2,Touch 6 Switch,Touch 6 Switch,4,remote,glass,9499,Available
Tactus,16,2,Touch 6 Switch,Touch 6 Switch,4,wifi,acrylic,11099,Available
Tactus,16,2,Touch 6 Switch,Touch 6 Switch,4,wifi,glass,12299,Available
Tactus,16,2,Touch 6 Switch,Touch 6 Switch,4,zigbee,acrylic,13299,Available
Tactus,16,2,Touch 6 Switch,Touch 6 Switch,4,zigbee,glass,14399,Available
Tactus,17,2,Touch 4 Dimmer (Phase cut),Touch 4 Dimmer (Phase cut),6,remote,acrylic,10999,Available
Tactus,17,2,Touch 4 Dimmer (Phase cut),Touch 4 Dimmer (Phase cut),6,remote,glass,12499,Available
Tactus,17,2,Touch 4 Dimmer (Phase cut),Touch 4 Dimmer (Phase cut),6,wifi,acrylic,13799,Available
Tactus,17,2,Touch 4 Dimmer (Phase cut),Touch 4 Dimmer (Phase cut),6,wifi,glass,15299,Available
Tactus,17,2,Touch 4 Dimmer (Phase cut),Touch 4 Dimmer (Phase cut),6,zigbee,acrylic,15899,Available
Tactus,17,2,Touch 4 Dimmer (Phase cut),Touch 4 Dimmer (Phase cut),6,zigbee,glass,17399,Available
Tactus,18,2,Touch 2 Switch 2 Socket (6A),Touch 2 Switch 2 Socket (6A),6,remote,acrylic,5699,Available
Tactus,18,2,Touch 2 Switch 2 Socket (6A),Touch 2 Switch 2 Socket (6A),6,remote,glass,7499,Available
Tactus,18,2,Touch 2 Switch 2 Socket (6A),Touch 2 Switch 2 Socket (6A),6,wifi,acrylic,8499,Available
Tactus,18,2,Touch 2 Switch 2 Socket (6A),Touch 2 Switch 2 Socket (6A),6,wifi,glass,10299,Available
Tactus,18,2,Touch 2 Switch 2 Socket (6A),Touch 2 Switch 2 Socket (6A),6,zigbee,acrylic,10599,Available
Tactus,18,2,Touch 2 Switch 2 Socket (6A),Touch 2 Switch 2 Socket (6A),6,zigbee,glass,12499,Available
Tactus,19,2,Touch 2 Switch (1-16A) 2 Socket (1-16A),Touch 2 Switch (1-16A) 2 Socket (1-16A),6,remote,acrylic,6199,Available
Tactus,19,2,Touch 2 Switch (1-16A) 2 Socket (1-16A),Touch 2 Switch (1-16A) 2 Socket (1-16A),6,remote,glass,7999,Available
Tactus,19,2,Touch 2 Switch (1-16A) 2 Socket (1-16A),Touch 2 Switch (1-16A) 2 Socket (1-16A),6,wifi,acrylic,8999,Available
Tactus,19,2,Touch 2 Switch (1-16A) 2 Socket (1-16A),Touch 2 Switch (1-16A) 2 Socket (1-16A),6,wifi,glass,10799,Available
Tactus,19,2,Touch 2 Switch (1-16A) 2 Socket (1-16A),Touch 2 Switch (1-16A) 2 Socket (1-16A),6,zigbee,acrylic,11099,Available
Tactus,19,2,Touch 2 Switch (1-16A) 2 Socket (1-16A),Touch 2 Switch (1-16A) 2 Socket (1-16A),6,zigbee,glass,12999,Available
Tactus,20,2,Touch 2 Switch (2-16A) 2 Socket (2-16A),Touch 2 Switch (2-16A) 2 Socket (2-16A),6,remote,acrylic,6999,Available
Tactus,20,2,Touch 2 Switch (2-16A) 2 Socket (2-16A),Touch 2 Switch (2-16A) 2 Socket (2-16A),6,remote,glass,8799,Available
Tactus,20,2,Touch 2 Switch (2-16A) 2 Socket (2-16A),Touch 2 Switch (2-16A) 2 Socket (2-16A),6,wifi,acrylic,9799,Available
Tactus,20,2,Touch 2 Switch (2-16A) 2 Socket (2-16A),Touch 2 Switch (2-16A) 2 Socket (2-16A),6,wifi,glass,11599,Available
Tactus,20,2,Touch 2 Switch (2-16A) 2 Socket (2-16A),Touch 2 Switch (2-16A) 2 Socket (2-16A),6,zigbee,acrylic,11999,Available
Tactus,20,2,Touch 2 Switch (2-16A) 2 Socket (2-16A),Touch 2 Switch (2-16A) 2 Socket (2-16A),6,zigbee,glass,13799,Available
Tactus,21,2,Edge Touch 4 Switch 2 Socket (6A) (All 6A Switch),Edge Touch 4 Switch 2 Socket (6A) (All 6A Switch),6,remote,acrylic,6999,Available
Tactus,21,2,Edge Touch 4 Switch 2 Socket (6A) (All 6A Switch),Edge Touch 4 Switch 2 Socket (6A) (All 6A Switch),6,remote,glass,8799,Available
Tactus,21,2,Edge Touch 4 Switch 2 Socket (6A) (All 6A Switch),Edge Touch 4 Switch 2 Socket (6A) (All 6A Switch),6,wifi,acrylic,9799,Available
Tactus,21,2,Edge Touch 4 Switch 2 Socket (6A) (All 6A Switch),Edge Touch 4 Switch 2 Socket (6A) (All 6A Switch),6,wifi,glass,11599,Available
Tactus,21,2,Edge Touch 4 Switch 2 Socket (6A) (All 6A Switch),Edge Touch 4 Switch 2 Socket (6A) (All 6A Switch),6,zigbee,acrylic,11999,Available
Tactus,21,2,Edge Touch 4 Switch 2 Socket (6A) (All 6A Switch),Edge Touch 4 Switch 2 Socket (6A) (All 6A Switch),6,zigbee,glass,13799,Available
Tactus,22,2,Touch 4 Switch 1 Socket (6A),Touch 4 Switch 1 Socket (6A),6,remote,acrylic,7299,Available
Tactus,22,2,Touch 4 Switch 1 Socket (6A),Touch 4 Switch 1 Socket (6A),6,remote,glass,8899,Available
Tactus,22,2,Touch 4 Switch 1 Socket (6A),Touch 4 Switch 1 Socket (6A),6,wifi,acrylic,10099,Available
Tactus,22,2,Touch 4 Switch 1 Socket (6A),Touch 4 Switch 1 Socket (6A),6,wifi,glass,11699,Available
Tactus,22,2,Touch 4 Switch 1 Socket (6A),Touch 4 Switch 1 Socket (6A),6,zigbee,acrylic,12199,Available
Tactus,22,2,Touch 4 Switch 1 Socket (6A),Touch 4 Switch 1 Socket (6A),6,zigbee,glass,13899,Available
Tactus,23,2,Touch 6 Switch,Touch 6 Switch,6,remote,acrylic,8699,Available
Tactus,23,2,Touch 6 Switch,Touch 6 Switch,6,remote,glass,10099,Available
Tactus,23,2,Touch 6 Switch,Touch 6 Switch,6,wifi,acrylic,11499,Available
Tactus,23,2,Touch 6 Switch,Touch 6 Switch,6,wifi,glass,12999,Available
Tactus,23,2,Touch 6 Switch,Touch 6 Switch,6,zigbee,acrylic,13599,Available
Tactus,23,2,Touch 6 Switch,Touch 6 Switch,6,zigbee,glass,15099,Available
Tactus,24,2,Touch 8 Switch,Touch 8 Switch,6,remote,acrylic,10399,Available
Tactus,24,2,Touch 8 Switch,Touch 8 Switch,6,remote,glass,11899,Available
Tactus,24,2,Touch 8 Switch,Touch 8 Switch,6,wifi,acrylic,13199,Available
Tactus,24,2,Touch 8 Switch,Touch 8 Switch,6,wifi,glass,14699,Available
Tactus,24,2,Touch 8 Switch,Touch 8 Switch,6,zigbee,acrylic,15299,Available
Tactus,24,2,Touch 8 Switch,Touch 8 Switch,6,zigbee,glass,16799,Available
Tactus,25,2,Touch 6 Switch 1 Socket (6A),Touch 6 Switch 1 Socket (6A),6,remote,acrylic,8999,Available
Tactus,25,2,Touch 6 Switch 1 Socket (6A),Touch 6 Switch 1 Socket (6A),6,remote,glass,10599,Available
Tactus,25,2,Touch 6 Switch 1 Socket (6A),Touch 6 Switch 1 Socket (6A),6,wifi,acrylic,11799,Available
Tactus,25,2,Touch 6 Switch 1 Socket (6A),Touch 6 Switch 1 Socket (6A),6,wifi,glass,13399,Available
Tactus,25,2,Touch 6 Switch 1 Socket (6A),Touch 6 Switch 1 Socket (6A),6,zigbee,acrylic,13899,Available
Tactus,25,2,Touch 6 Switch 1 Socket (6A),Touch 6 Switch 1 Socket (6A),6,zigbee,glass,15599,Available
Tactus,26,3,Touch 4 Switch 1 Fan 1 Socket (6A),Touch 4 Switch 1 Fan 1 Socket (6A),6,remote,acrylic,9699,Available
Tactus,26,3,Touch 4 Switch 1 Fan 1 Socket (6A),Touch 4 Switch 1 Fan 1 Socket (6A),6,remote,glass,11399,Available
Tactus,26,3,Touch 4 Switch 1 Fan 1 Socket (6A),Touch 4 Switch 1 Fan 1 Socket (6A),6,wifi,acrylic,12499,Available
Tactus,26,3,Touch 4 Switch 1 Fan 1 Socket (6A),Touch 4 Switch 1 Fan 1 Socket (6A),6,wifi,glass,14199,Available
Tactus,26,3,Touch 4 Switch 1 Fan 1 Socket (6A),Touch 4 Switch 1 Fan 1 Socket (6A),6,zigbee,acrylic,14699,Available
Tactus,26,3,Touch 4 Switch 1 Fan 1 Socket (6A),Touch 4 Switch 1 Fan 1 Socket (6A),6,zigbee,glass,16299,Available
Tactus,27,3,Touch 4 Switch 1 Socket (16A),Touch 4 Switch 1 Socket (16A),6,remote,acrylic,7599,Available
Tactus,27,3,Touch 4 Switch 1 Socket (16A),Touch 4 Switch 1 Socket (16A),6,remote,glass,9199,Available
Tactus,27,3,Touch 4 Switch 1 Socket (16A),Touch 4 Switch 1 Socket (16A),6,wifi,acrylic,10399,Available
Tactus,27,3,Touch 4 Switch 1 Socket (16A),Touch 4 Switch 1 Socket (16A),6,wifi,glass,11999,Available
Tactus,27,3,Touch 4 Switch 1 Socket (16A),Touch 4 Switch 1 Socket (16A),6,zigbee,acrylic,12499,Available
Tactus,27,3,Touch 4 Switch 1 Socket (16A),Touch 4 Switch 1 Socket (16A),6,zigbee,glass,14199,Available
Tactus,28,3,Touch 6 Switch 1 Socket (16A),Touch 6 Switch 1 Socket (16A),6,remote,acrylic,9299,Available
Tactus,28,3,Touch 6 Switch 1 Socket (16A),Touch 6 Switch 1 Socket (16A),6,remote,glass,10999,Available
Tactus,28,3,Touch 6 Switch 1 Socket (16A),Touch 6 Switch 1 Socket (16A),6,wifi,acrylic,12099,Available
Tactus,28,3,Touch 6 Switch 1 Socket (16A),Touch 6 Switch 1 Socket (16A),6,wifi,glass,13799,Available
Tactus,28,3,Touch 6 Switch 1 Socket (16A),Touch 6 Switch 1 Socket (16A),6,zigbee,acrylic,14299,Available
Tactus,28,3,Touch 6 Switch 1 Socket (16A),Touch 6 Switch 1 Socket (16A),6,zigbee,glass,15899,Available
Tactus,29,3,Touch 4 Switch 1 Fan 1 Socket (16A),Touch 4 Switch 1 Fan 1 Socket (16A),6,remote,acrylic,10099,Available
Tactus,29,3,Touch 4 Switch 1 Fan 1 Socket (16A),Touch 4 Switch 1 Fan 1 Socket (16A),6,remote,glass,11699,Available
Tactus,29,3,Touch 4 Switch 1 Fan 1 Socket (16A),Touch 4 Switch 1 Fan 1 Socket (16A),6,wifi,acrylic,12899,Available
Tactus,29,3,Touch 4 Switch 1 Fan 1 Socket (16A),Touch 4 Switch 1 Fan 1 Socket (16A),6,wifi,glass,14499,Available
Tactus,29,3,Touch 4 Switch 1 Fan 1 Socket (16A),Touch 4 Switch 1 Fan 1 Socket (16A),6,zigbee,acrylic,14999,Available
Tactus,29,3,Touch 4 Switch 1 Fan 1 Socket (16A),Touch 4 Switch 1 Fan 1 Socket (16A),6,zigbee,glass,16699,Available
Tactus,30,3,Touch 6 Switch 1 Fan,Touch 6 Switch 1 Fan,6,remote,acrylic,11299,Available
Tactus,30,3,Touch 6 Switch 1 Fan,Touch 6 Switch 1 Fan,6,remote,glass,12799,Available
Tactus,30,3,Touch 6 Switch 1 Fan,Touch 6 Switch 1 Fan,6,wifi,acrylic,14099,Available
Tactus,30,3,Touch 6 Switch 1 Fan,Touch 6 Switch 1 Fan,6,wifi,glass,15599,Available
Tactus,30,3,Touch 6 Switch 1 Fan,Touch 6 Switch 1 Fan,6,zigbee,acrylic,16299,Available
Tactus,30,3,Touch 6 Switch 1 Fan,Touch 6 Switch 1 Fan,6,zigbee,glass,17699,Available
Tactus,31,3,Touch 4 Switch 2 Fan,Touch 4 Switch 2 Fan,6,remote,acrylic,11899,Available
Tactus,31,3,Touch 4 Switch 2 Fan,Touch 4 Switch 2 Fan,6,remote,glass,13399,Available
Tactus,31,3,Touch 4 Switch 2 Fan,Touch 4 Switch 2 Fan,6,wifi,acrylic,14699,Available
Tactus,31,3,Touch 4 Switch 2 Fan,Touch 4 Switch 2 Fan,6,wifi,glass,16199,Available
Tactus,31,3,Touch 4 Switch 2 Fan,Touch 4 Switch 2 Fan,6,zigbee,acrylic,16799,Available
Tactus,31,3,Touch 4 Switch 2 Fan,Touch 4 Switch 2 Fan,6,zigbee,glass,18299,Available
Tactus,32,3,Touch 2 Switch 2 Socket (6A),Touch 2 Switch 2 Socket (6A),8,remote,acrylic,6299,Available
Tactus,32,3,Touch 2 Switch 2 Socket (6A),Touch 2 Switch 2 Socket (6A),8,remote,glass,8299,Available
Tactus,32,3,Touch 2 Switch 2 Socket (6A),Touch 2 Switch 2 Socket (6A),8,wifi,acrylic,9099,Available
Tactus,32,3,Touch 2 Switch 2 Socket (6A),Touch 2 Switch 2 Socket (6A),8,wifi,glass,11099,Available
Tactus,32,3,Touch 2 Switch 2 Socket (6A),Touch 2 Switch 2 Socket (6A),8,zigbee,acrylic,11199,Available
Tactus,32,3,Touch 2 Switch 2 Socket (6A),Touch 2 Switch 2 Socket (6A),8,zigbee,glass,13199,Available
Tactus,33,3,Touch 2 Switch (1-16A) 2 Socket (1-16A),Touch 2 Switch (1-16A) 2 Socket (1-16A),8,remote,acrylic,6799,Available
Tactus,33,3,Touch 2 Switch (1-16A) 2 Socket (1-16A),Touch 2 Switch (1-16A) 2 Socket (1-16A),8,remote,glass,8699,Available
Tactus,33,3,Touch 2 Switch (1-16A) 2 Socket (1-16A),Touch 2 Switch (1-16A) 2 Socket (1-16A),8,wifi,acrylic,9599,Available
Tactus,33,3,Touch 2 Switch (1-16A) 2 Socket (1-16A),Touch 2 Switch (1-16A) 2 Socket (1-16A),8,wifi,glass,11599,Available
Tactus,33,3,Touch 2 Switch (1-16A) 2 Socket (1-16A),Touch 2 Switch (1-16A) 2 Socket (1-16A),8,zigbee,acrylic,11699,Available
Tactus,33,3,Touch 2 Switch (1-16A) 2 Socket (1-16A),Touch 2 Switch (1-16A) 2 Socket (1-16A),8,zigbee,glass,13699,Available
Tactus,34,3,Touch 2 Switch (2-16A) 2 Socket (2-16A),Touch 2 Switch (2-16A) 2 Socket (2-16A),8,remote,acrylic,7599,Available
Tactus,34,3,Touch 2 Switch (2-16A) 2 Socket (2-16A),Touch 2 Switch (2-16A) 2 Socket (2-16A),8,remote,glass,9599,Available
Tactus,34,3,Touch 2 Switch (2-16A) 2 Socket (2-16A),Touch 2 Switch (2-16A) 2 Socket (2-16A),8,wifi,acrylic,10399,Available
Tactus,34,3,Touch 2 Switch (2-16A) 2 Socket (2-16A),Touch 2 Switch (2-16A) 2 Socket (2-16A),8,wifi,glass,12399,Available
Tactus,34,3,Touch 2 Switch (2-16A) 2 Socket (2-16A),Touch 2 Switch (2-16A) 2 Socket (2-16A),8,zigbee,acrylic,12499,Available
Tactus,34,3,Touch 2 Switch (2-16A) 2 Socket (2-16A),Touch 2 Switch (2-16A) 2 Socket (2-16A),8,zigbee,glass,14499,Available
Tactus,35,3,Touch 2 Switch (1-16A) 3 Socket (6A) ( Only Available in Acrylic ),Touch 2 Switch (1-16A) 3 Socket (6A),8,remote,acrylic,6799,Available
Tactus,35,3,Touch 2 Switch (1-16A) 3 Socket (6A) ( Only Available in Acrylic ),Touch 2 Switch (1-16A) 3 Socket (6A),8,wifi,acrylic,9599,Available
Tactus,35,3,Touch 2 Switch (1-16A) 3 Socket (6A) ( Only Available in Acrylic ),Touch 2 Switch (1-16A) 3 Socket (6A),8,zigbee,acrylic,11699,Available
Tactus,36,3,Touch 6 Switch 1 Fan,Touch 6 Switch 1 Fan,8,remote,acrylic,11899,Available
Tactus,36,3,Touch 6 Switch 1 Fan,Touch 6 Switch 1 Fan,8,remote,glass,13499,Available
Tactus,36,3,Touch 6 Switch 1 Fan,Touch 6 Switch 1 Fan,8,wifi,acrylic,14699,Available
Tactus,36,3,Touch 6 Switch 1 Fan,Touch 6 Switch 1 Fan,8,wifi,glass,16299,Available
Tactus,36,3,Touch 6 Switch 1 Fan,Touch 6 Switch 1 Fan,8,zigbee,acrylic,16799,Available
Tactus,36,3,Touch 6 Switch 1 Fan,Touch 6 Switch 1 Fan,8,zigbee,glass,18499,Available
Tactus,37,3,Touch 8 Switch,Touch 8 Switch,8,remote,acrylic,10999,Available
Tactus,37,3,Touch 8 Switch,Touch 8 Switch,8,remote,glass,12599,Available
Tactus,37,3,Touch 8 Switch,Touch 8 Switch,8,wifi,acrylic,13799,Available
Tactus,37,3,Touch 8 Switch,Touch 8 Switch,8,wifi,glass,15399,Available
Tactus,37,3,Touch 8 Switch,Touch 8 Switch,8,zigbee,acrylic,15899,Available
Tactus,37,3,Touch 8 Switch,Touch 8 Switch,8,zigbee,glass,17599,Available
Tactus,38,3,Touch 4 Switch 1 Socket (6A),Touch 4 Switch 1 Socket (6A),8,remote,acrylic,7799,Available
Tactus,38,3,Touch 4 Switch 1 Socket (6A),Touch 4 Switch 1 Socket (6A),8,remote,glass,9699,Available
Tactus,38,3,Touch 4 Switch 1 Socket (6A),Touch 4 Switch 1 Socket (6A),8,wifi,acrylic,10599,Available
Tactus,38,3,Touch 4 Switch 1 Socket (6A),Touch 4 Switch 1 Socket (6A),8,wifi,glass,12499,Available
Tactus,38,3,Touch 4 Switch 1 Socket (6A),Touch 4 Switch 1 Socket (6A),8,zigbee,acrylic,12799,Available
Tactus,38,3,Touch 4 Switch 1 Socket (6A),Touch 4 Switch 1 Socket (6A),8,zigbee,glass,14599,Available
Tactus,39,4,Touch 4 Switch 1 Fan 1 Socket (6A),Touch 4 Switch 1 Fan 1 Socket (6A),8,remote,acrylic,10299,Available
Tactus,39,4,Touch 4 Switch 1 Fan 1 Socket (6A),Touch 4 Switch 1 Fan 1 Socket (6A),8,remote,glass,12099,Available
Tactus,39,4,Touch 4 Switch 1 Fan 1 Socket (6A),Touch 4 Switch 1 Fan 1 Socket (6A),8,wifi,acrylic,13099,Available
Tactus,39,4,Touch 4 Switch 1 Fan 1 Socket (6A),Touch 4 Switch 1 Fan 1 Socket (6A),8,wifi,glass,14899,Available
Tactus,39,4,Touch 4 Switch 1 Fan 1 Socket (6A),Touch 4 Switch 1 Fan 1 Socket (6A),8,zigbee,acrylic,15299,Available
Tactus,39,4,Touch 4 Switch 1 Fan 1 Socket (6A),Touch 4 Switch 1 Fan 1 Socket (6A),8,zigbee,glass,17099,Available
Tactus,40,4,Touch 6 Switch 1 Fan 1 Socket (6A),Touch 6 Switch 1 Fan 1 Socket (6A),8,remote,acrylic,12199,Available
Tactus,40,4,Touch 6 Switch 1 Fan 1 Socket (6A),Touch 6 Switch 1 Fan 1 Socket (6A),8,remote,glass,13999,Available
Tactus,40,4,Touch 6 Switch 1 Fan 1 Socket (6A),Touch 6 Switch 1 Fan 1 Socket (6A),8,wifi,acrylic,14999,Available
Tactus,40,4,Touch 6 Switch 1 Fan 1 Socket (6A),Touch 6 Switch 1 Fan 1 Socket (6A),8,wifi,glass,16799,Available
Tactus,40,4,Touch 6 Switch 1 Fan 1 Socket (6A),Touch 6 Switch 1 Fan 1 Socket (6A),8,zigbee,acrylic,17199,Available
Tactus,40,4,Touch 6 Switch 1 Fan 1 Socket (6A),Touch 6 Switch 1 Fan 1 Socket (6A),8,zigbee,glass,18999,Available
Tactus,41,4,Touch 6 Switch 1 Socket (6A),Touch 6 Switch 1 Socket (6A),8,remote,acrylic,9599,Available
Tactus,41,4,Touch 6 Switch 1 Socket (6A),Touch 6 Switch 1 Socket (6A),8,remote,glass,11399,Available
Tactus,41,4,Touch 6 Switch 1 Socket (6A),Touch 6 Switch 1 Socket (6A),8,wifi,acrylic,12399,Available
Tactus,41,4,Touch 6 Switch 1 Socket (6A),Touch 6 Switch 1 Socket (6A),8,wifi,glass,14199,Available
Tactus,41,4,Touch 6 Switch 1 Socket (6A),Touch 6 Switch 1 Socket (6A),8,zigbee,acrylic,14499,Available
Tactus,41,4,Touch 6 Switch 1 Socket (6A),Touch 6 Switch 1 Socket (6A),8,zigbee,glass,16299,Available
Tactus,42,4,Touch 8 Switch 1 Socket (6A),Touch 8 Switch 1 Socket (6A),8,remote,acrylic,11299,Available
Tactus,42,4,Touch 8 Switch 1 Socket (6A),Touch 8 Switch 1 Socket (6A),8,remote,glass,13099,Available
Tactus,42,4,Touch 8 Switch 1 Socket (6A),Touch 8 Switch 1 Socket (6A),8,wifi,acrylic,14099,Available
Tactus,42,4,Touch 8 Switch 1 Socket (6A),Touch 8 Switch 1 Socket (6A),8,wifi,glass,15899,Available
Tactus,42,4,Touch 8 Switch 1 Socket (6A),Touch 8 Switch 1 Socket (6A),8,zigbee,acrylic,16299,Available
Tactus,42,4,Touch 8 Switch 1 Socket (6A),Touch 8 Switch 1 Socket (6A),8,zigbee,glass,18099,Available
Tactus,43,4,Touch 4 Switch 2 Fan 1 Socket (6A),Touch 4 Switch 2 Fan 1 Socket (6A),8,remote,acrylic,12799,Available
Tactus,43,4,Touch 4 Switch 2 Fan 1 Socket (6A),Touch 4 Switch 2 Fan 1 Socket (6A),8,remote,glass,14599,Available
Tactus,43,4,Touch 4 Switch 2 Fan 1 Socket (6A),Touch 4 Switch 2 Fan 1 Socket (6A),8,wifi,acrylic,15599,Available
Tactus,43,4,Touch 4 Switch 2 Fan 1 Socket (6A),Touch 4 Switch 2 Fan 1 Socket (6A),8,wifi,glass,17399,Available
Tactus,43,4,Touch 4 Switch 2 Fan 1 Socket (6A),Touch 4 Switch 2 Fan 1 Socket (6A),8,zigbee,acrylic,17699,Available
Tactus,43,4,Touch 4 Switch 2 Fan 1 Socket (6A),Touch 4 Switch 2 Fan 1 Socket (6A),8,zigbee,glass,19599,Available
Tactus,44,4,Touch 6 Switch 1 Fan 1 Socket (16A),Touch 6 Switch 1 Fan 1 Socket (16A),8,remote,acrylic,12499,Available
Tactus,44,4,Touch 6 Switch 1 Fan 1 Socket (16A),Touch 6 Switch 1 Fan 1 Socket (16A),8,remote,glass,14399,Available
Tactus,44,4,Touch 6 Switch 1 Fan 1 Socket (16A),Touch 6 Switch 1 Fan 1 Socket (16A),8,wifi,acrylic,15299,Available
Tactus,44,4,Touch 6 Switch 1 Fan 1 Socket (16A),Touch 6 Switch 1 Fan 1 Socket (16A),8,wifi,glass,17199,Available
Tactus,44,4,Touch 6 Switch 1 Fan 1 Socket (16A),Touch 6 Switch 1 Fan 1 Socket (16A),8,zigbee,acrylic,17499,Available
Tactus,44,4,Touch 6 Switch 1 Fan 1 Socket (16A),Touch 6 Switch 1 Fan 1 Socket (16A),8,zigbee,glass,19299,Available
Tactus,45,4,Touch 8 Switch 1 Socket (16A),Touch 8 Switch 1 Socket (16A),8,remote,acrylic,11599,Available
Tactus,45,4,Touch 8 Switch 1 Socket (16A),Touch 8 Switch 1 Socket (16A),8,remote,glass,13399,Available
Tactus,45,4,Touch 8 Switch 1 Socket (16A),Touch 8 Switch 1 Socket (16A),8,wifi,acrylic,14399,Available
Tactus,45,4,Touch 8 Switch 1 Socket (16A),Touch 8 Switch 1 Socket (16A),8,wifi,glass,16299,Available
Tactus,45,4,Touch 8 Switch 1 Socket (16A),Touch 8 Switch 1 Socket (16A),8,zigbee,acrylic,16599,Available
Tactus,45,4,Touch 8 Switch 1 Socket (16A),Touch 8 Switch 1 Socket (16A),8,zigbee,glass,18399,Available
Tactus,46,4,Touch 4 Switch 2 Fan 1 Socket (16A),Touch 4 Switch 2 Fan 1 Socket (16A),8,remote,acrylic,13099,Available
Tactus,46,4,Touch 4 Switch 2 Fan 1 Socket (16A),Touch 4 Switch 2 Fan 1 Socket (16A),8,remote,glass,14899,Available
Tactus,46,4,Touch 4 Switch 2 Fan 1 Socket (16A),Touch 4 Switch 2 Fan 1 Socket (16A),8,wifi,acrylic,15899,Available
Tactus,46,4,Touch 4 Switch 2 Fan 1 Socket (16A),Touch 4 Switch 2 Fan 1 Socket (16A),8,wifi,glass,17699,Available
Tactus,46,4,Touch 4 Switch 2 Fan 1 Socket (16A),Touch 4 Switch 2 Fan 1 Socket (16A),8,zigbee,acrylic,18099,Available
Tactus,46,4,Touch 4 Switch 2 Fan 1 Socket (16A),Touch 4 Switch 2 Fan 1 Socket (16A),8,zigbee,glass,19899,Available
Tactus,47,4,Touch 4 Switch 2 Socket (6A),Touch 4 Switch 2 Socket (6A),8,remote,acrylic,8199,Available
Tactus,47,4,Touch 4 Switch 2 Socket (6A),Touch 4 Switch 2 Socket (6A),8,remote,glass,10099,Available
Tactus,47,4,Touch 4 Switch 2 Socket (6A),Touch 4 Switch 2 Socket (6A),8,wifi,acrylic,10999,Available
Tactus,47,4,Touch 4 Switch 2 Socket (6A),Touch 4 Switch 2 Socket (6A),8,wifi,glass,12999,Available
Tactus,47,4,Touch 4 Switch 2 Socket (6A),Touch 4 Switch 2 Socket (6A),8,zigbee,acrylic,13099,Available
Tactus,47,4,Touch 4 Switch 2 Socket (6A),Touch 4 Switch 2 Socket (6A),8,zigbee,glass,15099,Available
Tactus,48,4,Touch 6 Switch 2 Socket (6A),Touch 6 Switch 2 Socket (6A),8,remote,acrylic,9899,Available
Tactus,48,4,Touch 6 Switch 2 Socket (6A),Touch 6 Switch 2 Socket (6A),8,remote,glass,11899,Available
Tactus,48,4,Touch 6 Switch 2 Socket (6A),Touch 6 Switch 2 Socket (6A),8,wifi,acrylic,12699,Available
Tactus,48,4,Touch 6 Switch 2 Socket (6A),Touch 6 Switch 2 Socket (6A),8,wifi,glass,14699,Available
Tactus,48,4,Touch 6 Switch 2 Socket (6A),Touch 6 Switch 2 Socket (6A),8,zigbee,acrylic,14899,Available
Tactus,48,4,Touch 6 Switch 2 Socket (6A),Touch 6 Switch 2 Socket (6A),8,zigbee,glass,16799,Available
Tactus,49,4,Touch 4 Switch (4-16A) 2 Socket (2-16A),Touch 4 Switch (4-16A) 2 Socket (2-16A),8,remote,acrylic,10799,Available
Tactus,49,4,Touch 4 Switch (4-16A) 2 Socket (2-16A),Touch 4 Switch (4-16A) 2 Socket (2-16A),8,remote,glass,12799,Available
Tactus,49,4,Touch 4 Switch (4-16A) 2 Socket (2-16A),Touch 4 Switch (4-16A) 2 Socket (2-16A),8,wifi,acrylic,13599,Available
Tactus,49,4,Touch 4 Switch (4-16A) 2 Socket (2-16A),Touch 4 Switch (4-16A) 2 Socket (2-16A),8,wifi,glass,15599,Available
Tactus,49,4,Touch 4 Switch (4-16A) 2 Socket (2-16A),Touch 4 Switch (4-16A) 2 Socket (2-16A),8,zigbee,acrylic,15799,Available
Tactus,49,4,Touch 4 Switch (4-16A) 2 Socket (2-16A),Touch 4 Switch (4-16A) 2 Socket (2-16A),8,zigbee,glass,17699,Available
Tactus,50,4,Touch 10 Switch,Touch 10 Switch,8,remote,acrylic,12699,Available
Tactus,50,4,Touch 10 Switch,Touch 10 Switch,8,remote,glass,14399,Available
Tactus,50,4,Touch 10 Switch,Touch 10 Switch,8,wifi,acrylic,15499,Available
Tactus,50,4,Touch 10 Switch,Touch 10 Switch,8,wifi,glass,17199,Available
Tactus,50,4,Touch 10 Switch,Touch 10 Switch,8,zigbee,acrylic,17699,Available
Tactus,50,4,Touch 10 Switch,Touch 10 Switch,8,zigbee,glass,19299,Available
Tactus,51,4,Touch 6 Switch 2 Fan,Touch 6 Switch 2 Fan,8,remote,acrylic,14199,Available
Tactus,51,4,Touch 6 Switch 2 Fan,Touch 6 Switch 2 Fan,8,remote,glass,15799,Available
Tactus,51,4,Touch 6 Switch 2 Fan,Touch 6 Switch 2 Fan,8,wifi,acrylic,16999,Available
Tactus,51,4,Touch 6 Switch 2 Fan,Touch 6 Switch 2 Fan,8,wifi,glass,18599,Available
Tactus,51,4,Touch 6 Switch 2 Fan,Touch 6 Switch 2 Fan,8,zigbee,acrylic,19099,Available
Tactus,51,4,Touch 6 Switch 2 Fan,Touch 6 Switch 2 Fan,8,zigbee,glass,20799,Available
Tactus,52,4,Touch 8 Switch 1 Fan,Touch 8 Switch 1 Fan,8,remote,acrylic,13899,Available
Tactus,52,4,Touch 8 Switch 1 Fan,Touch 8 Switch 1 Fan,8,remote,glass,15499,Available
Tactus,52,4,Touch 8 Switch 1 Fan,Touch 8 Switch 1 Fan,8,wifi,acrylic,16699,Available
Tactus,52,4,Touch 8 Switch 1 Fan,Touch 8 Switch 1 Fan,8,wifi,glass,18299,Available
Tactus,52,4,Touch 8 Switch 1 Fan,Touch 8 Switch 1 Fan,8,zigbee,acrylic,18799,Available
Tactus,52,4,Touch 8 Switch 1 Fan,Touch 8 Switch 1 Fan,8,zigbee,glass,20499,Available
Tactus,53,5,Touch 4 Switch 1 Fan 1 Socket (6A) ( Only Available in Acrylic ),Touch 4 Switch 1 Fan 1 Socket (6A),12,remote,acrylic,11099,Available
Tactus,53,5,Touch 4 Switch 1 Fan 1 Socket (6A) ( Only Available in Acrylic ),Touch 4 Switch 1 Fan 1 Socket (6A),12,wifi,acrylic,13899,Available
Tactus,53,5,Touch 4 Switch 1 Fan 1 Socket (6A) ( Only Available in Acrylic ),Touch 4 Switch 1 Fan 1 Socket (6A),12,zigbee,acrylic,16099,Available
Tactus,54,5,Touch 4 Switch 1 Fan 2 Socket (6A),Touch 4 Switch 1 Fan 2 Socket (6A),12,remote,acrylic,11499,Available
Tactus,54,5,Touch 4 Switch 1 Fan 2 Socket (6A),Touch 4 Switch 1 Fan 2 Socket (6A),12,remote,glass,14299,Available
Tactus,54,5,Touch 4 Switch 1 Fan 2 Socket (6A),Touch 4 Switch 1 Fan 2 Socket (6A),12,wifi,acrylic,14299,Available
Tactus,54,5,Touch 4 Switch 1 Fan 2 Socket (6A),Touch 4 Switch 1 Fan 2 Socket (6A),12,wifi,glass,17099,Available
Tactus,54,5,Touch 4 Switch 1 Fan 2 Socket (6A),Touch 4 Switch 1 Fan 2 Socket (6A),12,zigbee,acrylic,16399,Available
Tactus,54,5,Touch 4 Switch 1 Fan 2 Socket (6A),Touch 4 Switch 1 Fan 2 Socket (6A),12,zigbee,glass,19199,Available
Tactus,55,5,Touch 6 Switch 1 Fan 1 Socket (6A) ( Only Available in Acrylic ),Touch 6 Switch 1 Fan 1 Socket (6A),12,remote,acrylic,12999,Available
Tactus,55,5,Touch 6 Switch 1 Fan 1 Socket (6A) ( Only Available in Acrylic ),Touch 6 Switch 1 Fan 1 Socket (6A),12,wifi,acrylic,15799,Available
Tactus,55,5,Touch 6 Switch 1 Fan 1 Socket (6A) ( Only Available in Acrylic ),Touch 6 Switch 1 Fan 1 Socket (6A),12,zigbee,acrylic,17999,Available
Tactus,56,5,Touch 6 Switch 1 Fan 2 Socket (6A),Touch 6 Switch 1 Fan 2 Socket (6A),12,remote,acrylic,13399,Available
Tactus,56,5,Touch 6 Switch 1 Fan 2 Socket (6A),Touch 6 Switch 1 Fan 2 Socket (6A),12,wifi,acrylic,16199,Available
Tactus,56,5,Touch 6 Switch 1 Fan 2 Socket (6A),Touch 6 Switch 1 Fan 2 Socket (6A),12,wifi,glass,18999,Available
Tactus,56,5,Touch 6 Switch 1 Fan 2 Socket (6A),Touch 6 Switch 1 Fan 2 Socket (6A),12,zigbee,acrylic,18299,Available
Tactus,56,5,Touch 6 Switch 1 Fan 2 Socket (6A),Touch 6 Switch 1 Fan 2 Socket (6A),12,zigbee,glass,21099,Available
Tactus,57,5,Touch 8 Switch 1 Fan 1 Socket (6A) ( Only Available in Acrylic ),Touch 8 Switch 1 Fan 1 Socket (6A),12,remote,acrylic,16699,Available
Tactus,57,5,Touch 8 Switch 1 Fan 1 Socket (6A) ( Only Available in Acrylic ),Touch 8 Switch 1 Fan 1 Socket (6A),12,wifi,acrylic,22299,Available
Tactus,57,5,Touch 8 Switch 1 Fan 1 Socket (6A) ( Only Available in Acrylic ),Touch 8 Switch 1 Fan 1 Socket (6A),12,zigbee,acrylic,26599,Available
Tactus,58,5,Touch 8 Switch 1 Fan 2 Socket (6A),Touch 8 Switch 1 Fan 2 Socket (6A),12,remote,acrylic,16999,Available
Tactus,58,5,Touch 8 Switch 1 Fan 2 Socket (6A),Touch 8 Switch 1 Fan 2 Socket (6A),12,remote,glass,19799,Available
Tactus,58,5,Touch 8 Switch 1 Fan 2 Socket (6A),Touch 8 Switch 1 Fan 2 Socket (6A),12,wifi,acrylic,22599,Available
Tactus,58,5,Touch 8 Switch 1 Fan 2 Socket (6A),Touch 8 Switch 1 Fan 2 Socket (6A),12,wifi,glass,25399,Available
Tactus,58,5,Touch 8 Switch 1 Fan 2 Socket (6A),Touch 8 Switch 1 Fan 2 Socket (6A),12,zigbee,acrylic,26899,Available
Tactus,58,5,Touch 8 Switch 1 Fan 2 Socket (6A),Touch 8 Switch 1 Fan 2 Socket (6A),12,zigbee,glass,29699,Available
Tactus,59,5,Touch 10 Switch 1 Fan 2 Socket (6A),Touch 10 Switch 1 Fan 2 Socket (6A),12,remote,acrylic,18699,Available
Tactus,59,5,Touch 10 Switch 1 Fan 2 Socket (6A),Touch 10 Switch 1 Fan 2 Socket (6A),12,remote,glass,21499,Available
Tactus,59,5,Touch 10 Switch 1 Fan 2 Socket (6A),Touch 10 Switch 1 Fan 2 Socket (6A),12,wifi,acrylic,24299,Available
Tactus,59,5,Touch 10 Switch 1 Fan 2 Socket (6A),Touch 10 Switch 1 Fan 2 Socket (6A),12,wifi,glass,27099,Available
Tactus,59,5,Touch 10 Switch 1 Fan 2 Socket (6A),Touch 10 Switch 1 Fan 2 Socket (6A),12,zigbee,acrylic,28599,Available
Tactus,59,5,Touch 10 Switch 1 Fan 2 Socket (6A),Touch 10 Switch 1 Fan 2 Socket (6A),12,zigbee,glass,31399,Available
Tactus,60,5,Touch 8 Switch 2 Fan 2 Socket (6A),Touch 8 Switch 2 Fan 2 Socket (6A),12,remote,acrylic,19499,Available
Tactus,60,5,Touch 8 Switch 2 Fan 2 Socket (6A),Touch 8 Switch 2 Fan 2 Socket (6A),12,remote,glass,22299,Available
Tactus,60,5,Touch 8 Switch 2 Fan 2 Socket (6A),Touch 8 Switch 2 Fan 2 Socket (6A),12,wifi,acrylic,25099,Available
Tactus,60,5,Touch 8 Switch 2 Fan 2 Socket (6A),Touch 8 Switch 2 Fan 2 Socket (6A),12,wifi,glass,27899,Available
Tactus,60,5,Touch 8 Switch 2 Fan 2 Socket (6A),Touch 8 Switch 2 Fan 2 Socket (6A),12,zigbee,acrylic,29399,Available
Tactus,60,5,Touch 8 Switch 2 Fan 2 Socket (6A),Touch 8 Switch 2 Fan 2 Socket (6A),12,zigbee,glass,32199,Available
Tactus,61,5,Touch 8 Switch 2 Fan,Touch 8 Switch 2 Fan,12,remote,acrylic,18799,Available
Tactus,61,5,Touch 8 Switch 2 Fan,Touch 8 Switch 2 Fan,12,remote,glass,21299,Available
Tactus,61,5,Touch 8 Switch 2 Fan,Touch 8 Switch 2 Fan,12,wifi,acrylic,24399,Available
Tactus,61,5,Touch 8 Switch 2 Fan,Touch 8 Switch 2 Fan,12,wifi,glass,26899,Available
Tactus,61,5,Touch 8 Switch 2 Fan,Touch 8 Switch 2 Fan,12,zigbee,acrylic,28699,Available
Tactus,61,5,Touch 8 Switch 2 Fan,Touch 8 Switch 2 Fan,12,zigbee,glass,31199,Available
Tactus,62,6,Touch 12 Switch 2 Fan,Touch 12 Switch 2 Fan,12,remote,acrylic,22599,Available
Tactus,62,6,Touch 12 Switch 2 Fan,Touch 12 Switch 2 Fan,12,remote,glass,25099,Available
Tactus,62,6,Touch 12 Switch 2 Fan,Touch 12 Switch 2 Fan,12,wifi,acrylic,28199,Available
Tactus,62,6,Touch 12 Switch 2 Fan,Touch 12 Switch 2 Fan,12,wifi,glass,30699,Available
Tactus,62,6,Touch 12 Switch 2 Fan,Touch 12 Switch 2 Fan,12,zigbee,acrylic,32499,Available
Tactus,62,6,Touch 12 Switch 2 Fan,Touch 12 Switch 2 Fan,12,zigbee,glass,34999,Available
Tactus,63,6,Touch 12 Switch,Touch 12 Switch,12,remote,acrylic,17299,Available
Tactus,63,6,Touch 12 Switch,Touch 12 Switch,12,remote,glass,19799,Available
Tactus,63,6,Touch 12 Switch,Touch 12 Switch,12,wifi,acrylic,22899,Available
Tactus,63,6,Touch 12 Switch,Touch 12 Switch,12,wifi,glass,25399,Available
Tactus,63,6,Touch 12 Switch,Touch 12 Switch,12,zigbee,acrylic,27199,Available
Tactus,63,6,Touch 12 Switch,Touch 12 Switch,12,zigbee,glass,29699,Available
Tactus,64,6,Touch 12 Switch 2 Socket (6A),Touch 12 Switch 2 Socket (6A),12,remote,acrylic,17999,Available
Tactus,64,6,Touch 12 Switch 2 Socket (6A),Touch 12 Switch 2 Socket (6A),12,remote,glass,20799,Available
Tactus,64,6,Touch 12 Switch 2 Socket (6A),Touch 12 Switch 2 Socket (6A),12,wifi,acrylic,23599,Available
Tactus,64,6,Touch 12 Switch 2 Socket (6A),Touch 12 Switch 2 Socket (6A),12,wifi,glass,26399,Available
Tactus,64,6,Touch 12 Switch 2 Socket (6A),Touch 12 Switch 2 Socket (6A),12,zigbee,acrylic,27899,Available
Tactus,64,6,Touch 12 Switch 2 Socket (6A),Touch 12 Switch 2 Socket (6A),12,zigbee,glass,30699,Available
Tactus,65,6,Touch 8 Switch 1 Socket (6A) ( Only Available in Acrylic ),Touch 8 Switch 1 Socket (6A),12,remote,acrylic,12099,Available
Tactus,65,6,Touch 8 Switch 1 Socket (6A) ( Only Available in Acrylic ),Touch 8 Switch 1 Socket (6A),12,wifi,acrylic,14899,Available
Tactus,65,6,Touch 8 Switch 1 Socket (6A) ( Only Available in Acrylic ),Touch 8 Switch 1 Socket (6A),12,zigbee,acrylic,17099,Available
Tactus,66,6,Touch 8 Switch 2 Socket (6A),Touch 8 Switch 2 Socket (6A),12,remote,acrylic,12499,Available
Tactus,66,6,Touch 8 Switch 2 Socket (6A),Touch 8 Switch 2 Socket (6A),12,remote,glass,15299,Available
Tactus,66,6,Touch 8 Switch 2 Socket (6A),Touch 8 Switch 2 Socket (6A),12,wifi,acrylic,15299,Available
Tactus,66,6,Touch 8 Switch 2 Socket (6A),Touch 8 Switch 2 Socket (6A),12,wifi,glass,18099,Available
Tactus,66,6,Touch 8 Switch 2 Socket (6A),Touch 8 Switch 2 Socket (6A),12,zigbee,acrylic,17399,Available
Tactus,66,6,Touch 8 Switch 2 Socket (6A),Touch 8 Switch 2 Socket (6A),12,zigbee,glass,20199,Available
Tactus,67,6,Touch 10 Switch 2 Socket (6A),Touch 10 Switch 2 Socket (6A),12,remote,acrylic,16099,Available
Tactus,67,6,Touch 10 Switch 2 Socket (6A),Touch 10 Switch 2 Socket (6A),12,remote,glass,18899,Available
Tactus,67,6,Touch 10 Switch 2 Socket (6A),Touch 10 Switch 2 Socket (6A),12,wifi,acrylic,21699,Available
Tactus,67,6,Touch 10 Switch 2 Socket (6A),Touch 10 Switch 2 Socket (6A),12,wifi,glass,24499,Available
Tactus,67,6,Touch 10 Switch 2 Socket (6A),Touch 10 Switch 2 Socket (6A),12,zigbee,acrylic,25999,Available
Tactus,67,6,Touch 10 Switch 2 Socket (6A),Touch 10 Switch 2 Socket (6A),12,zigbee,glass,28799,Available
Tactus,68,6,Touch 16 Switch,Touch 16 Switch,12,remote,acrylic,20799,Available
Tactus,68,6,Touch 16 Switch,Touch 16 Switch,12,remote,glass,23299,Available
Tactus,68,6,Touch 16 Switch,Touch 16 Switch,12,wifi,acrylic,26399,Available
Tactus,68,6,Touch 16 Switch,Touch 16 Switch,12,wifi,glass,28899,Available
Tactus,68,6,Touch 16 Switch,Touch 16 Switch,12,zigbee,acrylic,30699,Available
Tactus,68,6,Touch 16 Switch,Touch 16 Switch,12,zigbee,glass,33199,Available
Tactus,69,6,Touch 6 Switch 2 Fan 2 Socket (6A),Touch 6 Switch 2 Fan 2 Socket (6A),12,remote,acrylic,17599,Available
Tactus,69,6,Touch 6 Switch 2 Fan 2 Socket (6A),Touch 6 Switch 2 Fan 2 Socket (6A),12,remote,glass,20399,Available
Tactus,69,6,Touch 6 Switch 2 Fan 2 Socket (6A),Touch 6 Switch 2 Fan 2 Socket (6A),12,wifi,acrylic,23199,Available
Tactus,69,6,Touch 6 Switch 2 Fan 2 Socket (6A),Touch 6 Switch 2 Fan 2 Socket (6A),12,wifi,glass,25999,Available
Tactus,69,6,Touch 6 Switch 2 Fan 2 Socket (6A),Touch 6 Switch 2 Fan 2 Socket (6A),12,zigbee,acrylic,27499,Available
Tactus,69,6,Touch 6 Switch 2 Fan 2 Socket (6A),Touch 6 Switch 2 Fan 2 Socket (6A),12,zigbee,glass,30299,Available
Tactus,70,7,Touch 6 Switch 2 Socket (6A) ( Only Available in Acrylic ),Touch 6 Switch 2 Socket (6A),8 SQ.,remote,acrylic,10199,Available
Tactus,70,7,Touch 6 Switch 2 Socket (6A) ( Only Available in Acrylic ),Touch 6 Switch 2 Socket (6A),8 SQ.,wifi,acrylic,12999,Available
Tactus,70,7,Touch 6 Switch 2 Socket (6A) ( Only Available in Acrylic ),Touch 6 Switch 2 Socket (6A),8 SQ.,zigbee,acrylic,15199,Available
Tactus,71,7,Touch 4 Switch 1 Fan 2 Socket (6A) ( Only Available in Acrylic ),Touch 4 Switch 1 Fan 2 Socket (6A),8 SQ.,remote,acrylic,10999,Available
Tactus,71,7,Touch 4 Switch 1 Fan 2 Socket (6A) ( Only Available in Acrylic ),Touch 4 Switch 1 Fan 2 Socket (6A),8 SQ.,wifi,acrylic,13799,Available
Tactus,71,7,Touch 4 Switch 1 Fan 2 Socket (6A) ( Only Available in Acrylic ),Touch 4 Switch 1 Fan 2 Socket (6A),8 SQ.,zigbee,acrylic,15899,Available
Tactus,72,7,Touch 8 Switch 2 Fan ( Only Available in Acrylic ),Touch 8 Switch 2 Fan,8 SQ.,remote,acrylic,18299,Available
Tactus,72,7,Touch 8 Switch 2 Fan ( Only Available in Acrylic ),Touch 8 Switch 2 Fan,8 SQ.,wifi,acrylic,23899,Available
Tactus,72,7,Touch 8 Switch 2 Fan ( Only Available in Acrylic ),Touch 8 Switch 2 Fan,8 SQ.,zigbee,acrylic,28199,Available
Tactus,73,7,Touch 12 Switch ( Only Available in Acrylic ),Touch 12 Switch,8 SQ.,remote,acrylic,16799,Available
Tactus,73,7,Touch 12 Switch ( Only Available in Acrylic ),Touch 12 Switch,8 SQ.,wifi,acrylic,22399,Available
Tactus,73,7,Touch 12 Switch ( Only Available in Acrylic ),Touch 12 Switch,8 SQ.,zigbee,acrylic,26699,Available
Tactus,74,7,Touch 16 Switch 2 Socket (6A) ( Only Available in Acrylic ),Touch 16 Switch 2 Socket (6A),16,remote,acrylic,21599,Available
Tactus,74,7,Touch 16 Switch 2 Socket (6A) ( Only Available in Acrylic ),Touch 16 Switch 2 Socket (6A),16,wifi,acrylic,27199,Available
Tactus,74,7,Touch 16 Switch 2 Socket (6A) ( Only Available in Acrylic ),Touch 16 Switch 2 Socket (6A),16,zigbee,acrylic,31499,Available
Tactus,75,7,Touch 12 Switch 2 Fan 2 Socket (6A) ( Only Available in Acrylic ),Touch 12 Switch 2 Fan 2 Socket (6A),16,remote,acrylic,23399,Available
Tactus,75,7,Touch 12 Switch 2 Fan 2 Socket (6A) ( Only Available in Acrylic ),Touch 12 Switch 2 Fan 2 Socket (6A),16,wifi,acrylic,28999,Available
Tactus,75,7,Touch 12 Switch 2 Fan 2 Socket (6A) ( Only Available in Acrylic ),Touch 12 Switch 2 Fan 2 Socket (6A),16,zigbee,acrylic,33299,Available
Tactus,76,7,Touch 8 Switch 2 Fan 2 Socket (6A) ( Only Available in Acrylic ),Touch 8 Switch 2 Fan 2 Socket (6A),18,remote,acrylic,19999,Available
Tactus,76,7,Touch 8 Switch 2 Fan 2 Socket (6A) ( Only Available in Acrylic ),Touch 8 Switch 2 Fan 2 Socket (6A),18,wifi,acrylic,25599,Available
Tactus,76,7,Touch 8 Switch 2 Fan 2 Socket (6A) ( Only Available in Acrylic ),Touch 8 Switch 2 Fan 2 Socket (6A),18,zigbee,acrylic,29899,Available
Tactus,77,8,Touch 12 Switch 2 Fan 2 Socket (6A) ( Only Available in Acrylic ),Touch 12 Switch 2 Fan 2 Socket (6A),18,remote,acrylic,23799,Available
Tactus,77,8,Touch 12 Switch 2 Fan 2 Socket (6A) ( Only Available in Acrylic ),Touch 12 Switch 2 Fan 2 Socket (6A),18,wifi,acrylic,29399,Available
Tactus,77,8,Touch 12 Switch 2 Fan 2 Socket (6A) ( Only Available in Acrylic ),Touch 12 Switch 2 Fan 2 Socket (6A),18,zigbee,acrylic,33699,Available
Tactus,78,8,Touch 16 Switch 2 Socket (6A) ( Only Available in Acrylic ),Touch 16 Switch 2 Socket (6A),18,remote,acrylic,21899,Available
Tactus,78,8,Touch 16 Switch 2 Socket (6A) ( Only Available in Acrylic ),Touch 16 Switch 2 Socket (6A),18,wifi,acrylic,27599,Available
Tactus,78,8,Touch 16 Switch 2 Socket (6A) ( Only Available in Acrylic ),Touch 16 Switch 2 Socket (6A),18,zigbee,acrylic,31799,Available
Tactus,79,8,Socket 6 AMP. (3-Pin) ( Only Available in Acrylic ),Socket 6 AMP. (3-Pin),2,remote,acrylic,1199,Available
Tactus,79,8,Socket 6 AMP. (3-Pin) ( Only Available in Acrylic ),Socket 6 AMP. (3-Pin),2,wifi,acrylic,1199,Available
Tactus,79,8,Socket 6 AMP. (3-Pin) ( Only Available in Acrylic ),Socket 6 AMP. (3-Pin),2,zigbee,acrylic,1199,Available
Tactus,80,8,Socket 6 AMP. ( Only Available in Acrylic ),Socket 6 AMP.,2,remote,acrylic,1199,Available
Tactus,80,8,Socket 6 AMP. ( Only Available in Acrylic ),Socket 6 AMP.,2,wifi,acrylic,1199,Available
Tactus,80,8,Socket 6 AMP. ( Only Available in Acrylic ),Socket 6 AMP.,2,zigbee,acrylic,1199,Available
Tactus,81,8,16A Socket ( Only Available in Acrylic ),16A Socket,2,remote,acrylic,1499,Available
Tactus,81,8,16A Socket ( Only Available in Acrylic ),16A Socket,2,wifi,acrylic,1499,Available
Tactus,81,8,16A Socket ( Only Available in Acrylic ),16A Socket,2,zigbee,acrylic,1499,Available
Tactus,82,8,Touch Double USB Charger A-Type & C-Type. ( Only Available in Acrylic ),Touch Double USB Charger A-Type & C-Type.,2,remote,acrylic,3799,Available
Tactus,82,8,Touch Double USB Charger A-Type & C-Type. ( Only Available in Acrylic ),Touch Double USB Charger A-Type & C-Type.,2,wifi,acrylic,3799,Available
Tactus,82,8,Touch Double USB Charger A-Type & C-Type. ( Only Available in Acrylic ),Touch Double USB Charger A-Type & C-Type.,2,zigbee,acrylic,3799,Available
Tactus,83,8,Zigbee Gateway ( Ethernet Based ),Zigbee Gateway ( Ethernet Based ),,remote,acrylic,7499,Available
Tactus,84,8,Zigbee Gateway ( USB Based ),Zigbee Gateway ( USB Based ),,remote,acrylic,7499,Available
Tactus,85,8,Remote R1-R2,Remote R1-R2,,remote,acrylic,1099,Available
Tactus Color,1,1,Color Touch Door Bell (Only Touch),Door Bell (Only Touch),2,remote,acrylic,3799,Available
Tactus Color,1,1,Color Touch Door Bell (Only Touch),Door Bell (Only Touch),2,remote,glass,4699,Available
Tactus Color,1,1,Color Touch Door Bell (Only Touch),Door Bell (Only Touch),2,wifi,acrylic,3799,Available
Tactus Color,1,1,Color Touch Door Bell (Only Touch),Door Bell (Only Touch),2,wifi,glass,4699,Available
Tactus Color,1,1,Color Touch Door Bell (Only Touch),Door Bell (Only Touch),2,zigbee,acrylic,3799,Available
Tactus Color,1,1,Color Touch Door Bell (Only Touch),Door Bell (Only Touch),2,zigbee,glass,4699,Available
Tactus Color,2,1,Color Touch 2 Switch (1-2Way),2 Switch (1-2Way),2,remote,acrylic,5499,Available
Tactus Color,2,1,Color Touch 2 Switch (1-2Way),2 Switch (1-2Way),2,remote,glass,6399,Available
Tactus Color,2,1,Color Touch 2 Switch (1-2Way),2 Switch (1-2Way),2,wifi,acrylic,8299,Available
Tactus Color,2,1,Color Touch 2 Switch (1-2Way),2 Switch (1-2Way),2,wifi,glass,9199,Available
Tactus Color,2,1,Color Touch 2 Switch (1-2Way),2 Switch (1-2Way),2,zigbee,acrylic,10499,Available
Tactus Color,2,1,Color Touch 2 Switch (1-2Way),2 Switch (1-2Way),2,zigbee,glass,11399,Available
Tactus Color,3,1,Color Touch 2 Switch (1-16A),2 Switch (1-16A),2,remote,acrylic,5799,Available
Tactus Color,3,1,Color Touch 2 Switch (1-16A),2 Switch (1-16A),2,remote,glass,6599,Available
Tactus Color,3,1,Color Touch 2 Switch (1-16A),2 Switch (1-16A),2,wifi,acrylic,8599,Available
Tactus Color,3,1,Color Touch 2 Switch (1-16A),2 Switch (1-16A),2,wifi,glass,9399,Available
Tactus Color,3,1,Color Touch 2 Switch (1-16A),2 Switch (1-16A),2,zigbee,acrylic,10699,Available
Tactus Color,3,1,Color Touch 2 Switch (1-16A),2 Switch (1-16A),2,zigbee,glass,11599,Available
Tactus Color,4,1,Color Touch 4 Switch (All 6A Switch),4 Switch (All 6A Switch),2,remote,acrylic,7199,Available
Tactus Color,4,1,Color Touch 4 Switch (All 6A Switch),4 Switch (All 6A Switch),2,remote,glass,7999,Available
Tactus Color,4,1,Color Touch 4 Switch (All 6A Switch),4 Switch (All 6A Switch),2,wifi,acrylic,9999,Available
Tactus Color,4,1,Color Touch 4 Switch (All 6A Switch),4 Switch (All 6A Switch),2,wifi,glass,10799,Available
Tactus Color,4,1,Color Touch 4 Switch (All 6A Switch),4 Switch (All 6A Switch),2,zigbee,acrylic,12099,Available
Tactus Color,4,1,Color Touch 4 Switch (All 6A Switch),4 Switch (All 6A Switch),2,zigbee,glass,12999,Available
Tactus Color,5,1,Color Touch 4 Switch Scene Control,4 Switch Scene Control,2,remote,acrylic,6799,Available
Tactus Color,5,1,Color Touch 4 Switch Scene Control,4 Switch Scene Control,2,remote,glass,7599,Available
Tactus Color,5,1,Color Touch 4 Switch Scene Control,4 Switch Scene Control,2,wifi,acrylic,9599,Available
Tactus Color,5,1,Color Touch 4 Switch Scene Control,4 Switch Scene Control,2,wifi,glass,10399,Available
Tactus Color,5,1,Color Touch 4 Switch Scene Control,4 Switch Scene Control,2,zigbee,acrylic,11699,Available
Tactus Color,5,1,Color Touch 4 Switch Scene Control,4 Switch Scene Control,2,zigbee,glass,12599,Available
Tactus Color,6,1,Color Touch 2 Dimmer (Phase cut),2 Dimmer (Phase cut),2,remote,acrylic,8299,Available
Tactus Color,6,1,Color Touch 2 Dimmer (Phase cut),2 Dimmer (Phase cut),2,remote,glass,9099,Available
Tactus Color,6,1,Color Touch 2 Dimmer (Phase cut),2 Dimmer (Phase cut),2,wifi,acrylic,11099,Available
Tactus Color,6,1,Color Touch 2 Dimmer (Phase cut),2 Dimmer (Phase cut),2,wifi,glass,11899,Available
Tactus Color,6,1,Color Touch 2 Dimmer (Phase cut),2 Dimmer (Phase cut),2,zigbee,acrylic,13199,Available
Tactus Color,6,1,Color Touch 2 Dimmer (Phase cut),2 Dimmer (Phase cut),2,zigbee,glass,14099,Available
Tactus Color,7,1,Color Touch Curtain Switch,Curtain Switch,2,remote,acrylic,5799,Available
Tactus Color,7,1,Color Touch Curtain Switch,Curtain Switch,2,remote,glass,6599,Available
Tactus Color,7,1,Color Touch Curtain Switch,Curtain Switch,2,wifi,acrylic,8599,Available
Tactus Color,7,1,Color Touch Curtain Switch,Curtain Switch,2,wifi,glass,9399,Available
Tactus Color,7,1,Color Touch Curtain Switch,Curtain Switch,2,zigbee,acrylic,10699,Available
Tactus Color,7,1,Color Touch Curtain Switch,Curtain Switch,2,zigbee,glass,11599,Available
Tactus Color,8,1,Color Touch Dual Curtain Switch,Dual Curtain Switch,2,remote,acrylic,7099,Available
Tactus Color,8,1,Color Touch Dual Curtain Switch,Dual Curtain Switch,2,remote,glass,7999,Available
Tactus Color,8,1,Color Touch Dual Curtain Switch,Dual Curtain Switch,2,wifi,acrylic,9899,Available
Tactus Color,8,1,Color Touch Dual Curtain Switch,Dual Curtain Switch,2,wifi,glass,10799,Available
Tactus Color,8,1,Color Touch Dual Curtain Switch,Dual Curtain Switch,2,zigbee,acrylic,11999,Available
Tactus Color,8,1,Color Touch Dual Curtain Switch,Dual Curtain Switch,2,zigbee,glass,12899,Available
Tactus Color,9,1,Color Touch 2 Switch,2 Switch,3,remote,acrylic,5899,Available
Tactus Color,9,1,Color Touch 2 Switch,2 Switch,3,remote,glass,6899,Available
Tactus Color,9,1,Color Touch 2 Switch,2 Switch,3,wifi,acrylic,8699,Available
Tactus Color,9,1,Color Touch 2 Switch,2 Switch,3,wifi,glass,9799,Available
Tactus Color,9,1,Color Touch 2 Switch,2 Switch,3,zigbee,acrylic,10799,Available
Tactus Color,9,1,Color Touch 2 Switch,2 Switch,3,zigbee,glass,11899,Available
Tactus Color,10,2,Color Touch 4 Switch (All 6A Switch),4 Switch (All 6A Switch),3,remote,acrylic,7499,Available
Tactus Color,10,2,Color Touch 4 Switch (All 6A Switch),4 Switch (All 6A Switch),3,remote,glass,8599,Available
Tactus Color,10,2,Color Touch 4 Switch (All 6A Switch),4 Switch (All 6A Switch),3,wifi,acrylic,10299,Available
Tactus Color,10,2,Color Touch 4 Switch (All 6A Switch),4 Switch (All 6A Switch),3,wifi,glass,11399,Available
Tactus Color,10,2,Color Touch 4 Switch (All 6A Switch),4 Switch (All 6A Switch),3,zigbee,acrylic,12499,Available
Tactus Color,10,2,Color Touch 4 Switch (All 6A Switch),4 Switch (All 6A Switch),3,zigbee,glass,13499,Available
Tactus Color,11,2,Color Touch 2 Switch 1 Socket (6A),2 Switch 1 Socket (6A),4,remote,acrylic,6099,Available
Tactus Color,11,2,Color Touch 2 Switch 1 Socket (6A),2 Switch 1 Socket (6A),4,remote,glass,7399,Available
Tactus Color,11,2,Color Touch 2 Switch 1 Socket (6A),2 Switch 1 Socket (6A),4,wifi,acrylic,8899,Available
Tactus Color,11,2,Color Touch 2 Switch 1 Socket (6A),2 Switch 1 Socket (6A),4,wifi,glass,10199,Available
Tactus Color,11,2,Color Touch 2 Switch 1 Socket (6A),2 Switch 1 Socket (6A),4,zigbee,acrylic,11099,Available
Tactus Color,11,2,Color Touch 2 Switch 1 Socket (6A),2 Switch 1 Socket (6A),4,zigbee,glass,12399,Available
Tactus Color,12,2,Color Touch 2 Switch (1-16A) 1 Socket (16A),2 Switch (1-16A) 1 Socket (16A),4,remote,acrylic,6699,Available
Tactus Color,12,2,Color Touch 2 Switch (1-16A) 1 Socket (16A),2 Switch (1-16A) 1 Socket (16A),4,remote,glass,7999,Available
Tactus Color,12,2,Color Touch 2 Switch (1-16A) 1 Socket (16A),2 Switch (1-16A) 1 Socket (16A),4,wifi,acrylic,9499,Available
Tactus Color,12,2,Color Touch 2 Switch (1-16A) 1 Socket (16A),2 Switch (1-16A) 1 Socket (16A),4,wifi,glass,10799,Available
Tactus Color,12,2,Color Touch 2 Switch (1-16A) 1 Socket (16A),2 Switch (1-16A) 1 Socket (16A),4,zigbee,acrylic,11599,Available
Tactus Color,12,2,Color Touch 2 Switch (1-16A) 1 Socket (16A),2 Switch (1-16A) 1 Socket (16A),4,zigbee,glass,12899,Available
Tactus Color,13,2,Color Touch 4 Switch,4 Switch,4,remote,acrylic,8299,Available
Tactus Color,13,2,Color Touch 4 Switch,4 Switch,4,remote,glass,9399,Available
Tactus Color,13,2,Color Touch 4 Switch,4 Switch,4,wifi,acrylic,11099,Available
Tactus Color,13,2,Color Touch 4 Switch,4 Switch,4,wifi,glass,12199,Available
Tactus Color,13,2,Color Touch 4 Switch,4 Switch,4,zigbee,acrylic,13199,Available
Tactus Color,13,2,Color Touch 4 Switch,4 Switch,4,zigbee,glass,14399,Available
Tactus Color,14,2,Color Touch 4 Switch 1 Socket (6A) (All 6A Switch),4 Switch 1 Socket (6A) (All 6A Switch),4,remote,acrylic,7799,Available
Tactus Color,14,2,Color Touch 4 Switch 1 Socket (6A) (All 6A Switch),4 Switch 1 Socket (6A) (All 6A Switch),4,remote,glass,9099,Available
Tactus Color,14,2,Color Touch 4 Switch 1 Socket (6A) (All 6A Switch),4 Switch 1 Socket (6A) (All 6A Switch),4,wifi,acrylic,10599,Available
Tactus Color,14,2,Color Touch 4 Switch 1 Socket (6A) (All 6A Switch),4 Switch 1 Socket (6A) (All 6A Switch),4,wifi,glass,11899,Available
Tactus Color,14,2,Color Touch 4 Switch 1 Socket (6A) (All 6A Switch),4 Switch 1 Socket (6A) (All 6A Switch),4,zigbee,acrylic,12699,Available
Tactus Color,14,2,Color Touch 4 Switch 1 Socket (6A) (All 6A Switch),4 Switch 1 Socket (6A) (All 6A Switch),4,zigbee,glass,13999,Available
Tactus Color,15,2,Color Touch 4 Switch 1 Fan Regulator,4 Switch 1 Fan Regulator,4,remote,acrylic,11499,Available
Tactus Color,15,2,Color Touch 4 Switch 1 Fan Regulator,4 Switch 1 Fan Regulator,4,remote,glass,12599,Available
Tactus Color,15,2,Color Touch 4 Switch 1 Fan Regulator,4 Switch 1 Fan Regulator,4,wifi,acrylic,14299,Available
Tactus Color,15,2,Color Touch 4 Switch 1 Fan Regulator,4 Switch 1 Fan Regulator,4,wifi,glass,15399,Available
Tactus Color,15,2,Color Touch 4 Switch 1 Fan Regulator,4 Switch 1 Fan Regulator,4,zigbee,acrylic,16399,Available
Tactus Color,15,2,Color Touch 4 Switch 1 Fan Regulator,4 Switch 1 Fan Regulator,4,zigbee,glass,17599,Available
Tactus Color,16,2,Color Touch 6 Switch,6 Switch,4,remote,acrylic,10499,Available
Tactus Color,16,2,Color Touch 6 Switch,6 Switch,4,remote,glass,11699,Available
Tactus Color,16,2,Color Touch 6 Switch,6 Switch,4,wifi,acrylic,13299,Available
Tactus Color,16,2,Color Touch 6 Switch,6 Switch,4,wifi,glass,14499,Available
Tactus Color,16,2,Color Touch 6 Switch,6 Switch,4,zigbee,acrylic,15499,Available
Tactus Color,16,2,Color Touch 6 Switch,6 Switch,4,zigbee,glass,16599,Available
Tactus Color,17,2,Color Touch 2 Switch 2 Socket (6A),2 Switch 2 Socket (6A),6,remote,acrylic,6799,Available
Tactus Color,17,2,Color Touch 2 Switch 2 Socket (6A),2 Switch 2 Socket (6A),6,remote,glass,8599,Available
Tactus Color,17,2,Color Touch 2 Switch 2 Socket (6A),2 Switch 2 Socket (6A),6,wifi,acrylic,9599,Available
Tactus Color,17,2,Color Touch 2 Switch 2 Socket (6A),2 Switch 2 Socket (6A),6,wifi,glass,11399,Available
Tactus Color,17,2,Color Touch 2 Switch 2 Socket (6A),2 Switch 2 Socket (6A),6,zigbee,acrylic,11699,Available
Tactus Color,17,2,Color Touch 2 Switch 2 Socket (6A),2 Switch 2 Socket (6A),6,zigbee,glass,13499,Available
Tactus Color,18,2,Color Touch 2 Switch (1-16A) 2 Socket (1-16A),2 Switch (1-16A) 2 Socket (1-16A),6,remote,acrylic,7299,Available
Tactus Color,18,2,Color Touch 2 Switch (1-16A) 2 Socket (1-16A),2 Switch (1-16A) 2 Socket (1-16A),6,remote,glass,9099,Available
Tactus Color,18,2,Color Touch 2 Switch (1-16A) 2 Socket (1-16A),2 Switch (1-16A) 2 Socket (1-16A),6,wifi,acrylic,10099,Available
Tactus Color,18,2,Color Touch 2 Switch (1-16A) 2 Socket (1-16A),2 Switch (1-16A) 2 Socket (1-16A),6,wifi,glass,11899,Available
Tactus Color,18,2,Color Touch 2 Switch (1-16A) 2 Socket (1-16A),2 Switch (1-16A) 2 Socket (1-16A),6,zigbee,acrylic,12299,Available
Tactus Color,18,2,Color Touch 2 Switch (1-16A) 2 Socket (1-16A),2 Switch (1-16A) 2 Socket (1-16A),6,zigbee,glass,14099,Available
Tactus Color,19,2,Color Touch 2 Switch (2-16A) 2 Socket (2-16A),2 Switch (2-16A) 2 Socket (2-16A),6,remote,acrylic,8299,Available
Tactus Color,19,2,Color Touch 2 Switch (2-16A) 2 Socket (2-16A),2 Switch (2-16A) 2 Socket (2-16A),6,remote,glass,10099,Available
Tactus Color,19,2,Color Touch 2 Switch (2-16A) 2 Socket (2-16A),2 Switch (2-16A) 2 Socket (2-16A),6,wifi,acrylic,11099,Available
Tactus Color,19,2,Color Touch 2 Switch (2-16A) 2 Socket (2-16A),2 Switch (2-16A) 2 Socket (2-16A),6,wifi,glass,12899,Available
Tactus Color,19,2,Color Touch 2 Switch (2-16A) 2 Socket (2-16A),2 Switch (2-16A) 2 Socket (2-16A),6,zigbee,acrylic,13199,Available
Tactus Color,19,2,Color Touch 2 Switch (2-16A) 2 Socket (2-16A),2 Switch (2-16A) 2 Socket (2-16A),6,zigbee,glass,15099,Available
Tactus Color,20,2,Color Touch 4 Switch 2 Socket (6A) (All 6A Switch),4 Switch 2 Socket (6A) (All 6A Switch),6,remote,acrylic,8399,Available
Tactus Color,20,2,Color Touch 4 Switch 2 Socket (6A) (All 6A Switch),4 Switch 2 Socket (6A) (All 6A Switch),6,remote,glass,10199,Available
Tactus Color,20,2,Color Touch 4 Switch 2 Socket (6A) (All 6A Switch),4 Switch 2 Socket (6A) (All 6A Switch),6,wifi,acrylic,11199,Available
Tactus Color,20,2,Color Touch 4 Switch 2 Socket (6A) (All 6A Switch),4 Switch 2 Socket (6A) (All 6A Switch),6,wifi,glass,12999,Available
Tactus Color,20,2,Color Touch 4 Switch 2 Socket (6A) (All 6A Switch),4 Switch 2 Socket (6A) (All 6A Switch),6,zigbee,acrylic,13399,Available
Tactus Color,20,2,Color Touch 4 Switch 2 Socket (6A) (All 6A Switch),4 Switch 2 Socket (6A) (All 6A Switch),6,zigbee,glass,15199,Available
Tactus Color,21,3,Color Touch 4 Switch 1 Socket (6A),4 Switch 1 Socket (6A),6,remote,acrylic,8899,Available
Tactus Color,21,3,Color Touch 4 Switch 1 Socket (6A),4 Switch 1 Socket (6A),6,remote,glass,10599,Available
Tactus Color,21,3,Color Touch 4 Switch 1 Socket (6A),4 Switch 1 Socket (6A),6,wifi,acrylic,11699,Available
Tactus Color,21,3,Color Touch 4 Switch 1 Socket (6A),4 Switch 1 Socket (6A),6,wifi,glass,13399,Available
Tactus Color,21,3,Color Touch 4 Switch 1 Socket (6A),4 Switch 1 Socket (6A),6,zigbee,acrylic,13899,Available
Tactus Color,21,3,Color Touch 4 Switch 1 Socket (6A),4 Switch 1 Socket (6A),6,zigbee,glass,15499,Available
Tactus Color,22,3,Color Touch 6 Switch,6 Switch,6,remote,acrylic,10799,Available
Tactus Color,22,3,Color Touch 6 Switch,6 Switch,6,remote,glass,12299,Available
Tactus Color,22,3,Color Touch 6 Switch,6 Switch,6,wifi,acrylic,13599,Available
Tactus Color,22,3,Color Touch 6 Switch,6 Switch,6,wifi,glass,15099,Available
Tactus Color,22,3,Color Touch 6 Switch,6 Switch,6,zigbee,acrylic,15799,Available
Tactus Color,22,3,Color Touch 6 Switch,6 Switch,6,zigbee,glass,17299,Available
Tactus Color,23,3,Color Touch 8 Switch,8 Switch,6,remote,acrylic,13099,Available
Tactus Color,23,3,Color Touch 8 Switch,8 Switch,6,remote,glass,14599,Available
Tactus Color,23,3,Color Touch 8 Switch,8 Switch,6,wifi,acrylic,15899,Available
Tactus Color,23,3,Color Touch 8 Switch,8 Switch,6,wifi,glass,17399,Available
Tactus Color,23,3,Color Touch 8 Switch,8 Switch,6,zigbee,acrylic,17999,Available
Tactus Color,23,3,Color Touch 8 Switch,8 Switch,6,zigbee,glass,19499,Available
Tactus Color,24,3,Color Touch 6 Switch 1 Socket (6A),6 Switch 1 Socket (6A),6,remote,acrylic,11199,Available
Tactus Color,24,3,Color Touch 6 Switch 1 Socket (6A),6 Switch 1 Socket (6A),6,remote,glass,12799,Available
Tactus Color,24,3,Color Touch 6 Switch 1 Socket (6A),6 Switch 1 Socket (6A),6,wifi,acrylic,13999,Available
Tactus Color,24,3,Color Touch 6 Switch 1 Socket (6A),6 Switch 1 Socket (6A),6,wifi,glass,15599,Available
Tactus Color,24,3,Color Touch 6 Switch 1 Socket (6A),6 Switch 1 Socket (6A),6,zigbee,acrylic,16099,Available
Tactus Color,24,3,Color Touch 6 Switch 1 Socket (6A),6 Switch 1 Socket (6A),6,zigbee,glass,17799,Available
Tactus Color,25,3,Color Touch 4 Switch 1 Fan 1 Socket (6A),4 Switch 1 Fan 1 Socket (6A),6,remote,acrylic,12099,Available
Tactus Color,25,3,Color Touch 4 Switch 1 Fan 1 Socket (6A),4 Switch 1 Fan 1 Socket (6A),6,remote,glass,13799,Available
Tactus Color,25,3,Color Touch 4 Switch 1 Fan 1 Socket (6A),4 Switch 1 Fan 1 Socket (6A),6,wifi,acrylic,14899,Available
Tactus Color,25,3,Color Touch 4 Switch 1 Fan 1 Socket (6A),4 Switch 1 Fan 1 Socket (6A),6,wifi,glass,16599,Available
Tactus Color,25,3,Color Touch 4 Switch 1 Fan 1 Socket (6A),4 Switch 1 Fan 1 Socket (6A),6,zigbee,acrylic,17099,Available
Tactus Color,25,3,Color Touch 4 Switch 1 Fan 1 Socket (6A),4 Switch 1 Fan 1 Socket (6A),6,zigbee,glass,18699,Available
Tactus Color,26,3,Color Touch 4 Switch 1 Socket (16A),4 Switch 1 Socket (16A),6,remote,acrylic,9199,Available
Tactus Color,26,3,Color Touch 4 Switch 1 Socket (16A),4 Switch 1 Socket (16A),6,remote,glass,10899,Available
Tactus Color,26,3,Color Touch 4 Switch 1 Socket (16A),4 Switch 1 Socket (16A),6,wifi,acrylic,12099,Available
Tactus Color,26,3,Color Touch 4 Switch 1 Socket (16A),4 Switch 1 Socket (16A),6,wifi,glass,13699,Available
Tactus Color,26,3,Color Touch 4 Switch 1 Socket (16A),4 Switch 1 Socket (16A),6,zigbee,acrylic,14199,Available
Tactus Color,26,3,Color Touch 4 Switch 1 Socket (16A),4 Switch 1 Socket (16A),6,zigbee,glass,15799,Available
Tactus Color,27,3,Color Touch 6 Switch 1 Socket (16A),6 Switch 1 Socket (16A),6,remote,acrylic,11499,Available
Tactus Color,27,3,Color Touch 6 Switch 1 Socket (16A),6 Switch 1 Socket (16A),6,remote,glass,13199,Available
Tactus Color,27,3,Color Touch 6 Switch 1 Socket (16A),6 Switch 1 Socket (16A),6,wifi,acrylic,14299,Available
Tactus Color,27,3,Color Touch 6 Switch 1 Socket (16A),6 Switch 1 Socket (16A),6,wifi,glass,15999,Available
Tactus Color,27,3,Color Touch 6 Switch 1 Socket (16A),6 Switch 1 Socket (16A),6,zigbee,acrylic,16499,Available
Tactus Color,27,3,Color Touch 6 Switch 1 Socket (16A),6 Switch 1 Socket (16A),6,zigbee,glass,18099,Available
Tactus Color,28,3,Color Touch 4 Switch 1 Fan 1 Socket (16A),4 Switch 1 Fan 1 Socket (16A),6,remote,acrylic,12499,Available
Tactus Color,28,3,Color Touch 4 Switch 1 Fan 1 Socket (16A),4 Switch 1 Fan 1 Socket (16A),6,remote,glass,14099,Available
Tactus Color,28,3,Color Touch 4 Switch 1 Fan 1 Socket (16A),4 Switch 1 Fan 1 Socket (16A),6,wifi,acrylic,15299,Available
Tactus Color,28,3,Color Touch 4 Switch 1 Fan 1 Socket (16A),4 Switch 1 Fan 1 Socket (16A),6,wifi,glass,16899,Available
Tactus Color,28,3,Color Touch 4 Switch 1 Fan 1 Socket (16A),4 Switch 1 Fan 1 Socket (16A),6,zigbee,acrylic,17399,Available
Tactus Color,28,3,Color Touch 4 Switch 1 Fan 1 Socket (16A),4 Switch 1 Fan 1 Socket (16A),6,zigbee,glass,19099,Available
Tactus Color,29,3,Color Touch 6 Switch 1 Fan,6 Switch 1 Fan,6,remote,acrylic,14299,Available
Tactus Color,29,3,Color Touch 6 Switch 1 Fan,6 Switch 1 Fan,6,remote,glass,15799,Available
Tactus Color,29,3,Color Touch 6 Switch 1 Fan,6 Switch 1 Fan,6,wifi,acrylic,17099,Available
Tactus Color,29,3,Color Touch 6 Switch 1 Fan,6 Switch 1 Fan,6,wifi,glass,18599,Available
Tactus Color,29,3,Color Touch 6 Switch 1 Fan,6 Switch 1 Fan,6,zigbee,acrylic,19199,Available
Tactus Color,29,3,Color Touch 6 Switch 1 Fan,6 Switch 1 Fan,6,zigbee,glass,20699,Available
Tactus Color,30,3,Color Touch 4 Switch 2 Fan,4 Switch 2 Fan,6,remote,acrylic,14899,Available
Tactus Color,30,3,Color Touch 4 Switch 2 Fan,4 Switch 2 Fan,6,remote,glass,16399,Available
Tactus Color,30,3,Color Touch 4 Switch 2 Fan,4 Switch 2 Fan,6,wifi,acrylic,17699,Available
Tactus Color,30,3,Color Touch 4 Switch 2 Fan,4 Switch 2 Fan,6,wifi,glass,19199,Available
Tactus Color,30,3,Color Touch 4 Switch 2 Fan,4 Switch 2 Fan,6,zigbee,acrylic,19899,Available
Tactus Color,30,3,Color Touch 4 Switch 2 Fan,4 Switch 2 Fan,6,zigbee,glass,21399,Available
Tactus Color,31,3,Color Touch 2 Switch 2 Socket (6A),2 Switch 2 Socket (6A),8,remote,acrylic,7399,Available
Tactus Color,31,3,Color Touch 2 Switch 2 Socket (6A),2 Switch 2 Socket (6A),8,remote,glass,9299,Available
Tactus Color,31,3,Color Touch 2 Switch 2 Socket (6A),2 Switch 2 Socket (6A),8,wifi,acrylic,10199,Available
Tactus Color,31,3,Color Touch 2 Switch 2 Socket (6A),2 Switch 2 Socket (6A),8,wifi,glass,12099,Available
Tactus Color,31,3,Color Touch 2 Switch 2 Socket (6A),2 Switch 2 Socket (6A),8,zigbee,acrylic,12299,Available
Tactus Color,31,3,Color Touch 2 Switch 2 Socket (6A),2 Switch 2 Socket (6A),8,zigbee,glass,14299,Available
Tactus Color,32,4,Color Touch 2 Switch (1-16A) 2 Socket (1-16A),2 Switch (1-16A) 2 Socket (1-16A),8,remote,acrylic,7899,Available
Tactus Color,32,4,Color Touch 2 Switch (1-16A) 2 Socket (1-16A),2 Switch (1-16A) 2 Socket (1-16A),8,remote,glass,9899,Available
Tactus Color,32,4,Color Touch 2 Switch (1-16A) 2 Socket (1-16A),2 Switch (1-16A) 2 Socket (1-16A),8,wifi,acrylic,10699,Available
Tactus Color,32,4,Color Touch 2 Switch (1-16A) 2 Socket (1-16A),2 Switch (1-16A) 2 Socket (1-16A),8,wifi,glass,12699,Available
Tactus Color,32,4,Color Touch 2 Switch (1-16A) 2 Socket (1-16A),2 Switch (1-16A) 2 Socket (1-16A),8,zigbee,acrylic,12899,Available
Tactus Color,32,4,Color Touch 2 Switch (1-16A) 2 Socket (1-16A),2 Switch (1-16A) 2 Socket (1-16A),8,zigbee,glass,14799,Available
Tactus Color,33,4,Color Touch 2 Switch (2-16A) 2 Socket (2-16A),2 Switch (2-16A) 2 Socket (2-16A),8,remote,acrylic,8899,Available
Tactus Color,33,4,Color Touch 2 Switch (2-16A) 2 Socket (2-16A),2 Switch (2-16A) 2 Socket (2-16A),8,remote,glass,10899,Available
Tactus Color,33,4,Color Touch 2 Switch (2-16A) 2 Socket (2-16A),2 Switch (2-16A) 2 Socket (2-16A),8,wifi,acrylic,11699,Available
Tactus Color,33,4,Color Touch 2 Switch (2-16A) 2 Socket (2-16A),2 Switch (2-16A) 2 Socket (2-16A),8,wifi,glass,13699,Available
Tactus Color,33,4,Color Touch 2 Switch (2-16A) 2 Socket (2-16A),2 Switch (2-16A) 2 Socket (2-16A),8,zigbee,acrylic,13799,Available
Tactus Color,33,4,Color Touch 2 Switch (2-16A) 2 Socket (2-16A),2 Switch (2-16A) 2 Socket (2-16A),8,zigbee,glass,15799,Available
Tactus Color,34,4,Color Touch 2 Switch (1-16A) 3 Socket (6A) ( Only Available in Acrylic ),2 Switch (1-16A) 3 Socket (6A),8,remote,acrylic,7899,Available
Tactus Color,34,4,Color Touch 2 Switch (1-16A) 3 Socket (6A) ( Only Available in Acrylic ),2 Switch (1-16A) 3 Socket (6A),8,wifi,acrylic,10699,Available
Tactus Color,34,4,Color Touch 2 Switch (1-16A) 3 Socket (6A) ( Only Available in Acrylic ),2 Switch (1-16A) 3 Socket (6A),8,zigbee,acrylic,12899,Available
Tactus Color,35,4,Color Touch 6 Switch 1 Fan,6 Switch 1 Fan,8,remote,acrylic,14899,Available
Tactus Color,35,4,Color Touch 6 Switch 1 Fan,6 Switch 1 Fan,8,remote,glass,16499,Available
Tactus Color,35,4,Color Touch 6 Switch 1 Fan,6 Switch 1 Fan,8,wifi,acrylic,17699,Available
Tactus Color,35,4,Color Touch 6 Switch 1 Fan,6 Switch 1 Fan,8,wifi,glass,19299,Available
Tactus Color,35,4,Color Touch 6 Switch 1 Fan,6 Switch 1 Fan,8,zigbee,acrylic,19799,Available
Tactus Color,35,4,Color Touch 6 Switch 1 Fan,6 Switch 1 Fan,8,zigbee,glass,21499,Available
Tactus Color,36,4,Color Touch 8 Switch,8 Switch,8,remote,acrylic,13699,Available
Tactus Color,36,4,Color Touch 8 Switch,8 Switch,8,remote,glass,15299,Available
Tactus Color,36,4,Color Touch 8 Switch,8 Switch,8,wifi,acrylic,16499,Available
Tactus Color,36,4,Color Touch 8 Switch,8 Switch,8,wifi,glass,18099,Available
Tactus Color,36,4,Color Touch 8 Switch,8 Switch,8,zigbee,acrylic,18599,Available
Tactus Color,36,4,Color Touch 8 Switch,8 Switch,8,zigbee,glass,20299,Available
Tactus Color,37,4,Color Touch 4 Switch 1 Socket (6A),4 Switch 1 Socket (6A),8,remote,acrylic,9499,Available
Tactus Color,37,4,Color Touch 4 Switch 1 Socket (6A),4 Switch 1 Socket (6A),8,remote,glass,11299,Available
Tactus Color,37,4,Color Touch 4 Switch 1 Socket (6A),4 Switch 1 Socket (6A),8,wifi,acrylic,12299,Available
Tactus Color,37,4,Color Touch 4 Switch 1 Socket (6A),4 Switch 1 Socket (6A),8,wifi,glass,14099,Available
Tactus Color,37,4,Color Touch 4 Switch 1 Socket (6A),4 Switch 1 Socket (6A),8,zigbee,acrylic,14399,Available
Tactus Color,37,4,Color Touch 4 Switch 1 Socket (6A),4 Switch 1 Socket (6A),8,zigbee,glass,16299,Available
Tactus Color,38,4,Color Touch 4 Switch 1 Fan 1 Socket (6A),4 Switch 1 Fan 1 Socket (6A),8,remote,acrylic,12699,Available
Tactus Color,38,4,Color Touch 4 Switch 1 Fan 1 Socket (6A),4 Switch 1 Fan 1 Socket (6A),8,remote,glass,14499,Available
Tactus Color,38,4,Color Touch 4 Switch 1 Fan 1 Socket (6A),4 Switch 1 Fan 1 Socket (6A),8,wifi,acrylic,15499,Available
Tactus Color,38,4,Color Touch 4 Switch 1 Fan 1 Socket (6A),4 Switch 1 Fan 1 Socket (6A),8,wifi,glass,17299,Available
Tactus Color,38,4,Color Touch 4 Switch 1 Fan 1 Socket (6A),4 Switch 1 Fan 1 Socket (6A),8,zigbee,acrylic,17699,Available
Tactus Color,38,4,Color Touch 4 Switch 1 Fan 1 Socket (6A),4 Switch 1 Fan 1 Socket (6A),8,zigbee,glass,19499,Available
Tactus Color,39,4,Color Touch 6 Switch 1 Fan 1 Socket (6A),6 Switch 1 Fan 1 Socket (6A),8,remote,acrylic,15199,Available
Tactus Color,39,4,Color Touch 6 Switch 1 Fan 1 Socket (6A),6 Switch 1 Fan 1 Socket (6A),8,remote,glass,16999,Available
Tactus Color,39,4,Color Touch 6 Switch 1 Fan 1 Socket (6A),6 Switch 1 Fan 1 Socket (6A),8,wifi,acrylic,17999,Available
Tactus Color,39,4,Color Touch 6 Switch 1 Fan 1 Socket (6A),6 Switch 1 Fan 1 Socket (6A),8,wifi,glass,19799,Available
Tactus Color,39,4,Color Touch 6 Switch 1 Fan 1 Socket (6A),6 Switch 1 Fan 1 Socket (6A),8,zigbee,acrylic,20099,Available
Tactus Color,39,4,Color Touch 6 Switch 1 Fan 1 Socket (6A),6 Switch 1 Fan 1 Socket (6A),8,zigbee,glass,21899,Available
Tactus Color,40,4,Color Touch 6 Switch 1 Socket (6A),6 Switch 1 Socket (6A),8,remote,acrylic,11699,Available
Tactus Color,40,4,Color Touch 6 Switch 1 Socket (6A),6 Switch 1 Socket (6A),8,remote,glass,13599,Available
Tactus Color,40,4,Color Touch 6 Switch 1 Socket (6A),6 Switch 1 Socket (6A),8,wifi,acrylic,14599,Available
Tactus Color,40,4,Color Touch 6 Switch 1 Socket (6A),6 Switch 1 Socket (6A),8,wifi,glass,16399,Available
Tactus Color,40,4,Color Touch 6 Switch 1 Socket (6A),6 Switch 1 Socket (6A),8,zigbee,acrylic,16699,Available
Tactus Color,40,4,Color Touch 6 Switch 1 Socket (6A),6 Switch 1 Socket (6A),8,zigbee,glass,18499,Available
Tactus Color,41,4,Color Touch 8 Switch 1 Socket (6A),8 Switch 1 Socket (6A),8,remote,acrylic,13999,Available
Tactus Color,41,4,Color Touch 8 Switch 1 Socket (6A),8 Switch 1 Socket (6A),8,remote,glass,15799,Available
Tactus Color,41,4,Color Touch 8 Switch 1 Socket (6A),8 Switch 1 Socket (6A),8,wifi,acrylic,16799,Available
Tactus Color,41,4,Color Touch 8 Switch 1 Socket (6A),8 Switch 1 Socket (6A),8,wifi,glass,18599,Available
Tactus Color,41,4,Color Touch 8 Switch 1 Socket (6A),8 Switch 1 Socket (6A),8,zigbee,acrylic,18999,Available
Tactus Color,41,4,Color Touch 8 Switch 1 Socket (6A),8 Switch 1 Socket (6A),8,zigbee,glass,20799,Available
Tactus Color,42,4,Color Touch 4 Switch 2 Fan 1 Socket (6A),4 Switch 2 Fan 1 Socket (6A),8,remote,acrylic,15799,Available
Tactus Color,42,4,Color Touch 4 Switch 2 Fan 1 Socket (6A),4 Switch 2 Fan 1 Socket (6A),8,remote,glass,17699,Available
Tactus Color,42,4,Color Touch 4 Switch 2 Fan 1 Socket (6A),4 Switch 2 Fan 1 Socket (6A),8,wifi,acrylic,18599,Available
Tactus Color,42,4,Color Touch 4 Switch 2 Fan 1 Socket (6A),4 Switch 2 Fan 1 Socket (6A),8,wifi,glass,20499,Available
Tactus Color,42,4,Color Touch 4 Switch 2 Fan 1 Socket (6A),4 Switch 2 Fan 1 Socket (6A),8,zigbee,acrylic,20799,Available
Tactus Color,42,4,Color Touch 4 Switch 2 Fan 1 Socket (6A),4 Switch 2 Fan 1 Socket (6A),8,zigbee,glass,22599,Available
Tactus Color,43,5,Color Touch 6 Switch 1 Fan 1 Socket (16A),6 Switch 1 Fan 1 Socket (16A),8,remote,acrylic,15499,Available
Tactus Color,43,5,Color Touch 6 Switch 1 Fan 1 Socket (16A),6 Switch 1 Fan 1 Socket (16A),8,remote,glass,17299,Available
Tactus Color,43,5,Color Touch 6 Switch 1 Fan 1 Socket (16A),6 Switch 1 Fan 1 Socket (16A),8,wifi,acrylic,18299,Available
Tactus Color,43,5,Color Touch 6 Switch 1 Fan 1 Socket (16A),6 Switch 1 Fan 1 Socket (16A),8,wifi,glass,20099,Available
Tactus Color,43,5,Color Touch 6 Switch 1 Fan 1 Socket (16A),6 Switch 1 Fan 1 Socket (16A),8,zigbee,acrylic,20499,Available
Tactus Color,43,5,Color Touch 6 Switch 1 Fan 1 Socket (16A),6 Switch 1 Fan 1 Socket (16A),8,zigbee,glass,22299,Available
Tactus Color,44,5,Color Touch 8 Switch 1 Socket (16A),8 Switch 1 Socket (16A),8,remote,acrylic,14299,Available
Tactus Color,44,5,Color Touch 8 Switch 1 Socket (16A),8 Switch 1 Socket (16A),8,remote,glass,16099,Available
Tactus Color,44,5,Color Touch 8 Switch 1 Socket (16A),8 Switch 1 Socket (16A),8,wifi,acrylic,17099,Available
Tactus Color,44,5,Color Touch 8 Switch 1 Socket (16A),8 Switch 1 Socket (16A),8,wifi,glass,18999,Available
Tactus Color,44,5,Color Touch 8 Switch 1 Socket (16A),8 Switch 1 Socket (16A),8,zigbee,acrylic,19299,Available
Tactus Color,44,5,Color Touch 8 Switch 1 Socket (16A),8 Switch 1 Socket (16A),8,zigbee,glass,21099,Available
Tactus Color,45,5,Color Touch 4 Switch 2 Fan 1 Socket (16A),4 Switch 2 Fan 1 Socket (16A),8,remote,acrylic,16199,Available
Tactus Color,45,5,Color Touch 4 Switch 2 Fan 1 Socket (16A),4 Switch 2 Fan 1 Socket (16A),8,remote,glass,17999,Available
Tactus Color,45,5,Color Touch 4 Switch 2 Fan 1 Socket (16A),4 Switch 2 Fan 1 Socket (16A),8,wifi,acrylic,18999,Available
Tactus Color,45,5,Color Touch 4 Switch 2 Fan 1 Socket (16A),4 Switch 2 Fan 1 Socket (16A),8,wifi,glass,20799,Available
Tactus Color,45,5,Color Touch 4 Switch 2 Fan 1 Socket (16A),4 Switch 2 Fan 1 Socket (16A),8,zigbee,acrylic,21099,Available
Tactus Color,45,5,Color Touch 4 Switch 2 Fan 1 Socket (16A),4 Switch 2 Fan 1 Socket (16A),8,zigbee,glass,22899,Available
Tactus Color,46,5,Color Touch 4 Switch 2 Socket (6A),4 Switch 2 Socket (6A),8,remote,acrylic,9799,Available
Tactus Color,46,5,Color Touch 4 Switch 2 Socket (6A),4 Switch 2 Socket (6A),8,remote,glass,11799,Available
Tactus Color,46,5,Color Touch 4 Switch 2 Socket (6A),4 Switch 2 Socket (6A),8,wifi,acrylic,12599,Available
Tactus Color,46,5,Color Touch 4 Switch 2 Socket (6A),4 Switch 2 Socket (6A),8,wifi,glass,14599,Available
Tactus Color,46,5,Color Touch 4 Switch 2 Socket (6A),4 Switch 2 Socket (6A),8,zigbee,acrylic,14799,Available
Tactus Color,46,5,Color Touch 4 Switch 2 Socket (6A),4 Switch 2 Socket (6A),8,zigbee,glass,16799,Available
Tactus Color,47,5,Color Touch 6 Switch 2 Socket (6A),6 Switch 2 Socket (6A),8,remote,acrylic,12099,Available
Tactus Color,47,5,Color Touch 6 Switch 2 Socket (6A),6 Switch 2 Socket (6A),8,remote,glass,14099,Available
Tactus Color,47,5,Color Touch 6 Switch 2 Socket (6A),6 Switch 2 Socket (6A),8,wifi,acrylic,14899,Available
Tactus Color,47,5,Color Touch 6 Switch 2 Socket (6A),6 Switch 2 Socket (6A),8,wifi,glass,16899,Available
Tactus Color,47,5,Color Touch 6 Switch 2 Socket (6A),6 Switch 2 Socket (6A),8,zigbee,acrylic,16999,Available
Tactus Color,47,5,Color Touch 6 Switch 2 Socket (6A),6 Switch 2 Socket (6A),8,zigbee,glass,18999,Available
Tactus Color,48,5,Color Touch 4 Switch (4-16A) 2 Socket (2-16A),4 Switch (4-16A) 2 Socket (2-16A),8,remote,acrylic,13099,Available
Tactus Color,48,5,Color Touch 4 Switch (4-16A) 2 Socket (2-16A),4 Switch (4-16A) 2 Socket (2-16A),8,remote,glass,14999,Available
Tactus Color,48,5,Color Touch 4 Switch (4-16A) 2 Socket (2-16A),4 Switch (4-16A) 2 Socket (2-16A),8,wifi,acrylic,15899,Available
Tactus Color,48,5,Color Touch 4 Switch (4-16A) 2 Socket (2-16A),4 Switch (4-16A) 2 Socket (2-16A),8,wifi,glass,17799,Available
Tactus Color,48,5,Color Touch 4 Switch (4-16A) 2 Socket (2-16A),4 Switch (4-16A) 2 Socket (2-16A),8,zigbee,acrylic,17999,Available
Tactus Color,48,5,Color Touch 4 Switch (4-16A) 2 Socket (2-16A),4 Switch (4-16A) 2 Socket (2-16A),8,zigbee,glass,19999,Available
Tactus Color,49,5,Color Touch 10 Switch,10 Switch,8,remote,acrylic,15999,Available
Tactus Color,49,5,Color Touch 10 Switch,10 Switch,8,remote,glass,17599,Available
Tactus Color,49,5,Color Touch 10 Switch,10 Switch,8,wifi,acrylic,18799,Available
Tactus Color,49,5,Color Touch 10 Switch,10 Switch,8,wifi,glass,20399,Available
Tactus Color,49,5,Color Touch 10 Switch,10 Switch,8,zigbee,acrylic,20899,Available
Tactus Color,49,5,Color Touch 10 Switch,10 Switch,8,zigbee,glass,22599,Available
Tactus Color,50,5,Color Touch 6 Switch 2 Fan,6 Switch 2 Fan,8,remote,acrylic,17999,Available
Tactus Color,50,5,Color Touch 6 Switch 2 Fan,6 Switch 2 Fan,8,remote,glass,19599,Available
Tactus Color,50,5,Color Touch 6 Switch 2 Fan,6 Switch 2 Fan,8,wifi,acrylic,20799,Available
Tactus Color,50,5,Color Touch 6 Switch 2 Fan,6 Switch 2 Fan,8,wifi,glass,22399,Available
Tactus Color,50,5,Color Touch 6 Switch 2 Fan,6 Switch 2 Fan,8,zigbee,acrylic,22899,Available
Tactus Color,50,5,Color Touch 6 Switch 2 Fan,6 Switch 2 Fan,8,zigbee,glass,24599,Available
Tactus Color,51,5,Color Touch 8 Switch 1 Fan,8 Switch 1 Fan,8,remote,acrylic,17299,Available
Tactus Color,51,5,Color Touch 8 Switch 1 Fan,8 Switch 1 Fan,8,remote,glass,18999,Available
Tactus Color,51,5,Color Touch 8 Switch 1 Fan,8 Switch 1 Fan,8,wifi,acrylic,20099,Available
Tactus Color,51,5,Color Touch 8 Switch 1 Fan,8 Switch 1 Fan,8,wifi,glass,21799,Available
Tactus Color,51,5,Color Touch 8 Switch 1 Fan,8 Switch 1 Fan,8,zigbee,acrylic,22299,Available
Tactus Color,51,5,Color Touch 8 Switch 1 Fan,8 Switch 1 Fan,8,zigbee,glass,23899,Available
Tactus Color,52,5,Color Touch 4 Switch 1 Fan 1 Socket (6A) ( Only Available in Acrylic ),4 Switch 1 Fan 1 Socket (6A),12,remote,acrylic,13499,Available
Tactus Color,52,5,Color Touch 4 Switch 1 Fan 1 Socket (6A) ( Only Available in Acrylic ),4 Switch 1 Fan 1 Socket (6A),12,wifi,acrylic,16299,Available
Tactus Color,52,5,Color Touch 4 Switch 1 Fan 1 Socket (6A) ( Only Available in Acrylic ),4 Switch 1 Fan 1 Socket (6A),12,zigbee,acrylic,18499,Available
Tactus Color,53,6,Color Touch 4 Switch 1 Fan 2 Socket (6A),4 Switch 1 Fan 2 Socket (6A),12,remote,acrylic,13899,Available
Tactus Color,53,6,Color Touch 4 Switch 1 Fan 2 Socket (6A),4 Switch 1 Fan 2 Socket (6A),12,remote,glass,16699,Available
Tactus Color,53,6,Color Touch 4 Switch 1 Fan 2 Socket (6A),4 Switch 1 Fan 2 Socket (6A),12,wifi,acrylic,16699,Available
Tactus Color,53,6,Color Touch 4 Switch 1 Fan 2 Socket (6A),4 Switch 1 Fan 2 Socket (6A),12,wifi,glass,19499,Available
Tactus Color,53,6,Color Touch 4 Switch 1 Fan 2 Socket (6A),4 Switch 1 Fan 2 Socket (6A),12,zigbee,acrylic,18799,Available
Tactus Color,53,6,Color Touch 4 Switch 1 Fan 2 Socket (6A),4 Switch 1 Fan 2 Socket (6A),12,zigbee,glass,21599,Available
Tactus Color,54,6,Color Touch 6 Switch 1 Fan 1 Socket (6A) ( Only Available in Acrylic ),6 Switch 1 Fan 1 Socket (6A),12,remote,acrylic,15999,Available
Tactus Color,54,6,Color Touch 6 Switch 1 Fan 1 Socket (6A) ( Only Available in Acrylic ),6 Switch 1 Fan 1 Socket (6A),12,wifi,acrylic,18799,Available
Tactus Color,54,6,Color Touch 6 Switch 1 Fan 1 Socket (6A) ( Only Available in Acrylic ),6 Switch 1 Fan 1 Socket (6A),12,zigbee,acrylic,20999,Available
Tactus Color,55,6,Color Touch 6 Switch 1 Fan 2 Socket (6A),6 Switch 1 Fan 2 Socket (6A),12,remote,acrylic,16299,Available
Tactus Color,55,6,Color Touch 6 Switch 1 Fan 2 Socket (6A),6 Switch 1 Fan 2 Socket (6A),12,remote,glass,19099,Available
Tactus Color,55,6,Color Touch 6 Switch 1 Fan 2 Socket (6A),6 Switch 1 Fan 2 Socket (6A),12,wifi,acrylic,19099,Available
Tactus Color,55,6,Color Touch 6 Switch 1 Fan 2 Socket (6A),6 Switch 1 Fan 2 Socket (6A),12,wifi,glass,21899,Available
Tactus Color,55,6,Color Touch 6 Switch 1 Fan 2 Socket (6A),6 Switch 1 Fan 2 Socket (6A),12,zigbee,acrylic,21299,Available
Tactus Color,55,6,Color Touch 6 Switch 1 Fan 2 Socket (6A),6 Switch 1 Fan 2 Socket (6A),12,zigbee,glass,24099,Available
Tactus Color,56,6,Color Touch 8 Switch 1 Fan 1 Socket (6A) ( Only Available in Acrylic ),8 Switch 1 Fan 1 Socket (6A),12,remote,acrylic,20699,Available
Tactus Color,56,6,Color Touch 8 Switch 1 Fan 1 Socket (6A) ( Only Available in Acrylic ),8 Switch 1 Fan 1 Socket (6A),12,wifi,acrylic,26299,Available
Tactus Color,56,6,Color Touch 8 Switch 1 Fan 1 Socket (6A) ( Only Available in Acrylic ),8 Switch 1 Fan 1 Socket (6A),12,zigbee,acrylic,30599,Available
Tactus Color,57,6,Color Touch 8 Switch 1 Fan 2 Socket (6A),8 Switch 1 Fan 2 Socket (6A),12,remote,acrylic,21099,Available
Tactus Color,57,6,Color Touch 8 Switch 1 Fan 2 Socket (6A),8 Switch 1 Fan 2 Socket (6A),12,remote,glass,23899,Available
Tactus Color,57,6,Color Touch 8 Switch 1 Fan 2 Socket (6A),8 Switch 1 Fan 2 Socket (6A),12,wifi,acrylic,26699,Available
Tactus Color,57,6,Color Touch 8 Switch 1 Fan 2 Socket (6A),8 Switch 1 Fan 2 Socket (6A),12,wifi,glass,29499,Available
Tactus Color,57,6,Color Touch 8 Switch 1 Fan 2 Socket (6A),8 Switch 1 Fan 2 Socket (6A),12,zigbee,acrylic,30999,Available
Tactus Color,57,6,Color Touch 8 Switch 1 Fan 2 Socket (6A),8 Switch 1 Fan 2 Socket (6A),12,zigbee,glass,33799,Available
Tactus Color,58,6,Color Touch 10 Switch 1 Fan 2 Socket (6A),10 Switch 1 Fan 2 Socket (6A),12,remote,acrylic,23299,Available
Tactus Color,58,6,Color Touch 10 Switch 1 Fan 2 Socket (6A),10 Switch 1 Fan 2 Socket (6A),12,remote,glass,26099,Available
Tactus Color,58,6,Color Touch 10 Switch 1 Fan 2 Socket (6A),10 Switch 1 Fan 2 Socket (6A),12,wifi,acrylic,28899,Available
Tactus Color,58,6,Color Touch 10 Switch 1 Fan 2 Socket (6A),10 Switch 1 Fan 2 Socket (6A),12,wifi,glass,31699,Available
Tactus Color,58,6,Color Touch 10 Switch 1 Fan 2 Socket (6A),10 Switch 1 Fan 2 Socket (6A),12,zigbee,acrylic,33199,Available
Tactus Color,58,6,Color Touch 10 Switch 1 Fan 2 Socket (6A),10 Switch 1 Fan 2 Socket (6A),12,zigbee,glass,35999,Available
Tactus Color,59,6,Color Touch 8 Switch 2 Fan 2 Socket (6A),8 Switch 2 Fan 2 Socket (6A),12,remote,acrylic,24299,Available
Tactus Color,59,6,Color Touch 8 Switch 2 Fan 2 Socket (6A),8 Switch 2 Fan 2 Socket (6A),12,remote,glass,27099,Available
Tactus Color,59,6,Color Touch 8 Switch 2 Fan 2 Socket (6A),8 Switch 2 Fan 2 Socket (6A),12,wifi,acrylic,29899,Available
Tactus Color,59,6,Color Touch 8 Switch 2 Fan 2 Socket (6A),8 Switch 2 Fan 2 Socket (6A),12,wifi,glass,32699,Available
Tactus Color,59,6,Color Touch 8 Switch 2 Fan 2 Socket (6A),8 Switch 2 Fan 2 Socket (6A),12,zigbee,acrylic,34199,Available
Tactus Color,59,6,Color Touch 8 Switch 2 Fan 2 Socket (6A),8 Switch 2 Fan 2 Socket (6A),12,zigbee,glass,36999,Available
Tactus Color,60,7,Color Touch 8 Switch 2 Fan,8 Switch 2 Fan,12,remote,acrylic,23599,Available
Tactus Color,60,7,Color Touch 8 Switch 2 Fan,8 Switch 2 Fan,12,remote,glass,26099,Available
Tactus Color,60,7,Color Touch 8 Switch 2 Fan,8 Switch 2 Fan,12,wifi,acrylic,29199,Available
Tactus Color,60,7,Color Touch 8 Switch 2 Fan,8 Switch 2 Fan,12,wifi,glass,31699,Available
Tactus Color,60,7,Color Touch 8 Switch 2 Fan,8 Switch 2 Fan,12,zigbee,acrylic,33499,Available
Tactus Color,60,7,Color Touch 8 Switch 2 Fan,8 Switch 2 Fan,12,zigbee,glass,35999,Available
Tactus Color,61,7,Color Touch 12 Switch 2 Fan,12 Switch 2 Fan,12,remote,acrylic,28499,Available
Tactus Color,61,7,Color Touch 12 Switch 2 Fan,12 Switch 2 Fan,12,remote,glass,30999,Available
Tactus Color,61,7,Color Touch 12 Switch 2 Fan,12 Switch 2 Fan,12,wifi,acrylic,34199,Available
Tactus Color,61,7,Color Touch 12 Switch 2 Fan,12 Switch 2 Fan,12,wifi,glass,36599,Available
Tactus Color,61,7,Color Touch 12 Switch 2 Fan,12 Switch 2 Fan,12,zigbee,acrylic,38399,Available
Tactus Color,61,7,Color Touch 12 Switch 2 Fan,12 Switch 2 Fan,12,zigbee,glass,40899,Available
Tactus Color,62,7,Color Touch 12 Switch,12 Switch,12,remote,acrylic,21699,Available
Tactus Color,62,7,Color Touch 12 Switch,12 Switch,12,remote,glass,24199,Available
Tactus Color,62,7,Color Touch 12 Switch,12 Switch,12,wifi,acrylic,27299,Available
Tactus Color,62,7,Color Touch 12 Switch,12 Switch,12,wifi,glass,29799,Available
Tactus Color,62,7,Color Touch 12 Switch,12 Switch,12,zigbee,acrylic,31599,Available
Tactus Color,62,7,Color Touch 12 Switch,12 Switch,12,zigbee,glass,34099,Available
Tactus Color,63,7,Color Touch 12 Switch 2 Socket (6A),12 Switch 2 Socket (6A),12,remote,acrylic,22299,Available
Tactus Color,63,7,Color Touch 12 Switch 2 Socket (6A),12 Switch 2 Socket (6A),12,remote,glass,25099,Available
Tactus Color,63,7,Color Touch 12 Switch 2 Socket (6A),12 Switch 2 Socket (6A),12,wifi,acrylic,27999,Available
Tactus Color,63,7,Color Touch 12 Switch 2 Socket (6A),12 Switch 2 Socket (6A),12,wifi,glass,30799,Available
Tactus Color,63,7,Color Touch 12 Switch 2 Socket (6A),12 Switch 2 Socket (6A),12,zigbee,acrylic,32199,Available
Tactus Color,63,7,Color Touch 12 Switch 2 Socket (6A),12 Switch 2 Socket (6A),12,zigbee,glass,34999,Available
Tactus Color,64,7,Color Touch 8 Switch 1 Socket (6A) ( Only Available in Acrylic ),8 Switch 1 Socket (6A),12,remote,acrylic,14799,Available
Tactus Color,64,7,Color Touch 8 Switch 1 Socket (6A) ( Only Available in Acrylic ),8 Switch 1 Socket (6A),12,wifi,acrylic,17599,Available
Tactus Color,64,7,Color Touch 8 Switch 1 Socket (6A) ( Only Available in Acrylic ),8 Switch 1 Socket (6A),12,zigbee,acrylic,19799,Available
Tactus Color,65,7,Color Touch 8 Switch 2 Socket (6A),8 Switch 2 Socket (6A),12,remote,acrylic,15199,Available
Tactus Color,65,7,Color Touch 8 Switch 2 Socket (6A),8 Switch 2 Socket (6A),12,remote,glass,17999,Available
Tactus Color,65,7,Color Touch 8 Switch 2 Socket (6A),8 Switch 2 Socket (6A),12,wifi,acrylic,17999,Available
Tactus Color,65,7,Color Touch 8 Switch 2 Socket (6A),8 Switch 2 Socket (6A),12,wifi,glass,20799,Available
Tactus Color,65,7,Color Touch 8 Switch 2 Socket (6A),8 Switch 2 Socket (6A),12,zigbee,acrylic,20099,Available
Tactus Color,65,7,Color Touch 8 Switch 2 Socket (6A),8 Switch 2 Socket (6A),12,zigbee,glass,22899,Available
Tactus Color,66,7,Color Touch 10 Switch 2 Socket (6A),10 Switch 2 Socket (6A),12,remote,acrylic,19899,Available
Tactus Color,66,7,Color Touch 10 Switch 2 Socket (6A),10 Switch 2 Socket (6A),12,remote,glass,22699,Available
Tactus Color,66,7,Color Touch 10 Switch 2 Socket (6A),10 Switch 2 Socket (6A),12,wifi,acrylic,25499,Available
Tactus Color,66,7,Color Touch 10 Switch 2 Socket (6A),10 Switch 2 Socket (6A),12,wifi,glass,28299,Available
Tactus Color,66,7,Color Touch 10 Switch 2 Socket (6A),10 Switch 2 Socket (6A),12,zigbee,acrylic,29799,Available
Tactus Color,66,7,Color Touch 10 Switch 2 Socket (6A),10 Switch 2 Socket (6A),12,zigbee,glass,32599,Available
Tactus Color,67,8,Color Touch 16 Switch,16 Switch,12,remote,acrylic,26199,Available
Tactus Color,67,8,Color Touch 16 Switch,16 Switch,12,remote,glass,28699,Available
Tactus Color,67,8,Color Touch 16 Switch,16 Switch,12,wifi,acrylic,31799,Available
Tactus Color,67,8,Color Touch 16 Switch,16 Switch,12,wifi,glass,34299,Available
Tactus Color,67,8,Color Touch 16 Switch,16 Switch,12,zigbee,acrylic,36099,Available
Tactus Color,67,8,Color Touch 16 Switch,16 Switch,12,zigbee,glass,38599,Available
Tactus Color,68,8,Color Touch 6 Switch 2 Fan 2 Socket (6A),6 Switch 2 Fan 2 Socket (6A),12,remote,acrylic,21699,Available
Tactus Color,68,8,Color Touch 6 Switch 2 Fan 2 Socket (6A),6 Switch 2 Fan 2 Socket (6A),12,remote,glass,24499,Available
Tactus Color,68,8,Color Touch 6 Switch 2 Fan 2 Socket (6A),6 Switch 2 Fan 2 Socket (6A),12,wifi,acrylic,27299,Available
Tactus Color,68,8,Color Touch 6 Switch 2 Fan 2 Socket (6A),6 Switch 2 Fan 2 Socket (6A),12,wifi,glass,30099,Available
Tactus Color,68,8,Color Touch 6 Switch 2 Fan 2 Socket (6A),6 Switch 2 Fan 2 Socket (6A),12,zigbee,acrylic,31599,Available
Tactus Color,68,8,Color Touch 6 Switch 2 Fan 2 Socket (6A),6 Switch 2 Fan 2 Socket (6A),12,zigbee,glass,34399,Available
Tactus Color,69,8,Color Touch 6 Switch 2 Socket (6A) ( Only Available in Acrylic ),6 Switch 2 Socket (6A),8 SQ.,remote,acrylic,12399,Available
Tactus Color,69,8,Color Touch 6 Switch 2 Socket (6A) ( Only Available in Acrylic ),6 Switch 2 Socket (6A),8 SQ.,wifi,acrylic,15199,Available
Tactus Color,69,8,Color Touch 6 Switch 2 Socket (6A) ( Only Available in Acrylic ),6 Switch 2 Socket (6A),8 SQ.,zigbee,acrylic,17399,Available
Tactus Color,70,8,Color Touch 4 Switch 1 Fan 2 Socket (6A) ( Only Available in Acrylic ),4 Switch 1 Fan 2 Socket (6A),8 SQ.,remote,acrylic,13399,Available
Tactus Color,70,8,Color Touch 4 Switch 1 Fan 2 Socket (6A) ( Only Available in Acrylic ),4 Switch 1 Fan 2 Socket (6A),8 SQ.,wifi,acrylic,16199,Available
Tactus Color,70,8,Color Touch 4 Switch 1 Fan 2 Socket (6A) ( Only Available in Acrylic ),4 Switch 1 Fan 2 Socket (6A),8 SQ.,zigbee,acrylic,18299,Available
Tactus Color,71,8,Color Touch 8 Switch 2 Fan ( Only Available in Acrylic ),8 Switch 2 Fan,8 SQ.,remote,acrylic,23099,Available
Tactus Color,71,8,Color Touch 8 Switch 2 Fan ( Only Available in Acrylic ),8 Switch 2 Fan,8 SQ.,wifi,acrylic,28699,Available
Tactus Color,71,8,Color Touch 8 Switch 2 Fan ( Only Available in Acrylic ),8 Switch 2 Fan,8 SQ.,zigbee,acrylic,32999,Available
Tactus Color,72,8,Color Touch 12 Switch ( Only Available in Acrylic ),12 Switch,8 SQ.,remote,acrylic,21199,Available
Tactus Color,72,8,Color Touch 12 Switch ( Only Available in Acrylic ),12 Switch,8 SQ.,wifi,acrylic,26799,Available
Tactus Color,72,8,Color Touch 12 Switch ( Only Available in Acrylic ),12 Switch,8 SQ.,zigbee,acrylic,31099,Available
Tactus Color,73,8,Color Touch 16 Switch 2 Socket (6A) ( Only Available in Acrylic ),16 Switch 2 Socket (6A),16,remote,acrylic,26999,Available
Tactus Color,73,8,Color Touch 16 Switch 2 Socket (6A) ( Only Available in Acrylic ),16 Switch 2 Socket (6A),16,wifi,acrylic,32599,Available
Tactus Color,73,8,Color Touch 16 Switch 2 Socket (6A) ( Only Available in Acrylic ),16 Switch 2 Socket (6A),16,zigbee,acrylic,36899,Available
Tactus Color,74,9,Color Touch 12 Switch 2 Fan 2 Socket (6A) ( Only Available in Acrylic ),12 Switch 2 Fan 2 Socket (6A),16,remote,acrylic,29399,Available
Tactus Color,74,9,Color Touch 12 Switch 2 Fan 2 Socket (6A) ( Only Available in Acrylic ),12 Switch 2 Fan 2 Socket (6A),16,wifi,acrylic,34999,Available
Tactus Color,74,9,Color Touch 12 Switch 2 Fan 2 Socket (6A) ( Only Available in Acrylic ),12 Switch 2 Fan 2 Socket (6A),16,zigbee,acrylic,39299,Available
Tactus Color,75,9,Color Touch 8 Switch 2 Fan 2 Socket (6A) ( Only Available in Acrylic ),8 Switch 2 Fan 2 Socket (6A),18,remote,acrylic,24799,Available
Tactus Color,75,9,Color Touch 8 Switch 2 Fan 2 Socket (6A) ( Only Available in Acrylic ),8 Switch 2 Fan 2 Socket (6A),18,wifi,acrylic,30399,Available
Tactus Color,75,9,Color Touch 8 Switch 2 Fan 2 Socket (6A) ( Only Available in Acrylic ),8 Switch 2 Fan 2 Socket (6A),18,zigbee,acrylic,34699,Available
Tactus Color,76,9,Color Touch 12 Switch 2 Fan 2 Socket (6A) ( Only Available in Acrylic ),12 Switch 2 Fan 2 Socket (6A),18,remote,acrylic,29699,Available
Tactus Color,76,9,Color Touch 12 Switch 2 Fan 2 Socket (6A) ( Only Available in Acrylic ),12 Switch 2 Fan 2 Socket (6A),18,wifi,acrylic,35299,Available
Tactus Color,76,9,Color Touch 12 Switch 2 Fan 2 Socket (6A) ( Only Available in Acrylic ),12 Switch 2 Fan 2 Socket (6A),18,zigbee,acrylic,39599,Available
Tactus Color,77,9,Color Touch 16 Switch 2 Socket (6A) ( Only Available in Acrylic ),16 Switch 2 Socket (6A),18,remote,acrylic,27299,Available
Tactus Color,77,9,Color Touch 16 Switch 2 Socket (6A) ( Only Available in Acrylic ),16 Switch 2 Socket (6A),18,wifi,acrylic,32999,Available
Tactus Color,77,9,Color Touch 16 Switch 2 Socket (6A) ( Only Available in Acrylic ),16 Switch 2 Socket (6A),18,zigbee,acrylic,37199,Available
Tactus Color,78,9,Socket 6 AMP. (3-Pin) ( Only Available in Acrylic ),Socket 6 AMP. (3-Pin),2,remote,acrylic,1199,Available
Tactus Color,78,9,Socket 6 AMP. (3-Pin) ( Only Available in Acrylic ),Socket 6 AMP. (3-Pin),2,wifi,acrylic,1199,Available
Tactus Color,78,9,Socket 6 AMP. (3-Pin) ( Only Available in Acrylic ),Socket 6 AMP. (3-Pin),2,zigbee,acrylic,1199,Available
Tactus Color,79,9,Socket 6 AMP. ( Only Available in Acrylic ),Socket 6 AMP.,2,remote,acrylic,1199,Available
Tactus Color,79,9,Socket 6 AMP. ( Only Available in Acrylic ),Socket 6 AMP.,2,wifi,acrylic,1199,Available
Tactus Color,79,9,Socket 6 AMP. ( Only Available in Acrylic ),Socket 6 AMP.,2,zigbee,acrylic,1199,Available
Tactus Color,80,9,16A Socket ( Only Available in Acrylic ),16A Socket,2,remote,acrylic,1499,Available
Tactus Color,80,9,16A Socket ( Only Available in Acrylic ),16A Socket,2,wifi,acrylic,1499,Available
Tactus Color,80,9,16A Socket ( Only Available in Acrylic ),16A Socket,2,zigbee,acrylic,1499,Available
Tactus Color,81,9,Touch Double USB Charger A-Type & C-Type. ( Only Available in Acrylic ),Touch Double USB Charger A-Type & C-Type.,2,remote,acrylic,3799,Available
Tactus Color,81,9,Touch Double USB Charger A-Type & C-Type. ( Only Available in Acrylic ),Touch Double USB Charger A-Type & C-Type.,2,wifi,acrylic,3799,Available
Tactus Color,81,9,Touch Double USB Charger A-Type & C-Type. ( Only Available in Acrylic ),Touch Double USB Charger A-Type & C-Type.,2,zigbee,acrylic,3799,Available
Tactus VLUXE,1,1,Tactus VLUXE Door Bell ( Only Touch ),Door Bell ( Only Touch ),2,remote,acrylic,5499,Available
Tactus VLUXE,1,1,Tactus VLUXE Door Bell ( Only Touch ),Door Bell ( Only Touch ),2,remote,glass,6399,Available
Tactus VLUXE,1,1,Tactus VLUXE Door Bell ( Only Touch ),Door Bell ( Only Touch ),2,wifi,acrylic,5499,Available
Tactus VLUXE,1,1,Tactus VLUXE Door Bell ( Only Touch ),Door Bell ( Only Touch ),2,wifi,glass,6399,Available
Tactus VLUXE,1,1,Tactus VLUXE Door Bell ( Only Touch ),Door Bell ( Only Touch ),2,zigbee,acrylic,5499,Available
Tactus VLUXE,1,1,Tactus VLUXE Door Bell ( Only Touch ),Door Bell ( Only Touch ),2,zigbee,glass,6399,Available
Tactus VLUXE,2,1,Tactus VLUXE 2 Switch (1-2way),2 Switch (1-2way),2,remote,acrylic,7299,Available
Tactus VLUXE,2,1,Tactus VLUXE 2 Switch (1-2way),2 Switch (1-2way),2,remote,glass,8099,Available
Tactus VLUXE,2,1,Tactus VLUXE 2 Switch (1-2way),2 Switch (1-2way),2,wifi,acrylic,10099,Available
Tactus VLUXE,2,1,Tactus VLUXE 2 Switch (1-2way),2 Switch (1-2way),2,wifi,glass,10899,Available
Tactus VLUXE,2,1,Tactus VLUXE 2 Switch (1-2way),2 Switch (1-2way),2,zigbee,acrylic,12199,Available
Tactus VLUXE,2,1,Tactus VLUXE 2 Switch (1-2way),2 Switch (1-2way),2,zigbee,glass,13099,Available
Tactus VLUXE,3,1,Tactus VLUXE 2 Switch (1-16A),2 Switch (1-16A),2,remote,acrylic,7499,Available
Tactus VLUXE,3,1,Tactus VLUXE 2 Switch (1-16A),2 Switch (1-16A),2,remote,glass,8299,Available
Tactus VLUXE,3,1,Tactus VLUXE 2 Switch (1-16A),2 Switch (1-16A),2,wifi,acrylic,10299,Available
Tactus VLUXE,3,1,Tactus VLUXE 2 Switch (1-16A),2 Switch (1-16A),2,wifi,glass,11199,Available
Tactus VLUXE,3,1,Tactus VLUXE 2 Switch (1-16A),2 Switch (1-16A),2,zigbee,acrylic,12399,Available
Tactus VLUXE,3,1,Tactus VLUXE 2 Switch (1-16A),2 Switch (1-16A),2,zigbee,glass,13299,Available
Tactus VLUXE,4,1,Tactus VLUXE 4 Switch ( All 6A Switch ),4 Switch ( All 6A Switch ),2,remote,acrylic,8899,Available
Tactus VLUXE,4,1,Tactus VLUXE 4 Switch ( All 6A Switch ),4 Switch ( All 6A Switch ),2,remote,glass,9799,Available
Tactus VLUXE,4,1,Tactus VLUXE 4 Switch ( All 6A Switch ),4 Switch ( All 6A Switch ),2,wifi,acrylic,11699,Available
Tactus VLUXE,4,1,Tactus VLUXE 4 Switch ( All 6A Switch ),4 Switch ( All 6A Switch ),2,wifi,glass,12599,Available
Tactus VLUXE,4,1,Tactus VLUXE 4 Switch ( All 6A Switch ),4 Switch ( All 6A Switch ),2,zigbee,acrylic,13899,Available
Tactus VLUXE,4,1,Tactus VLUXE 4 Switch ( All 6A Switch ),4 Switch ( All 6A Switch ),2,zigbee,glass,14699,Available
Tactus VLUXE,5,1,Royal Edge Color 4S Scene Controller,Royal Edge Color 4S Scene Controller,2,remote,acrylic,8499,Available
Tactus VLUXE,5,1,Royal Edge Color 4S Scene Controller,Royal Edge Color 4S Scene Controller,2,remote,glass,9399,Available
Tactus VLUXE,5,1,Royal Edge Color 4S Scene Controller,Royal Edge Color 4S Scene Controller,2,wifi,acrylic,11299,Available
Tactus VLUXE,5,1,Royal Edge Color 4S Scene Controller,Royal Edge Color 4S Scene Controller,2,wifi,glass,12199,Available
Tactus VLUXE,5,1,Royal Edge Color 4S Scene Controller,Royal Edge Color 4S Scene Controller,2,zigbee,acrylic,13499,Available
Tactus VLUXE,5,1,Royal Edge Color 4S Scene Controller,Royal Edge Color 4S Scene Controller,2,zigbee,glass,14299,Available
Tactus VLUXE,6,1,Tactus VLUXE 2 Dimmer (Phase cut),2 Dimmer (Phase cut),2,remote,acrylic,9999,Available
Tactus VLUXE,6,1,Tactus VLUXE 2 Dimmer (Phase cut),2 Dimmer (Phase cut),2,remote,glass,10799,Available
Tactus VLUXE,6,1,Tactus VLUXE 2 Dimmer (Phase cut),2 Dimmer (Phase cut),2,wifi,acrylic,12799,Available
Tactus VLUXE,6,1,Tactus VLUXE 2 Dimmer (Phase cut),2 Dimmer (Phase cut),2,wifi,glass,13599,Available
Tactus VLUXE,6,1,Tactus VLUXE 2 Dimmer (Phase cut),2 Dimmer (Phase cut),2,zigbee,acrylic,14899,Available
Tactus VLUXE,6,1,Tactus VLUXE 2 Dimmer (Phase cut),2 Dimmer (Phase cut),2,zigbee,glass,15799,Available
Tactus VLUXE,7,1,Tactus VLUXE Curtain Switch,Curtain Switch,2,remote,acrylic,7499,Available
Tactus VLUXE,7,1,Tactus VLUXE Curtain Switch,Curtain Switch,2,remote,glass,8299,Available
Tactus VLUXE,7,1,Tactus VLUXE Curtain Switch,Curtain Switch,2,wifi,acrylic,10299,Available
Tactus VLUXE,7,1,Tactus VLUXE Curtain Switch,Curtain Switch,2,wifi,glass,11199,Available
Tactus VLUXE,7,1,Tactus VLUXE Curtain Switch,Curtain Switch,2,zigbee,acrylic,12399,Available
Tactus VLUXE,7,1,Tactus VLUXE Curtain Switch,Curtain Switch,2,zigbee,glass,13299,Available
Tactus VLUXE,8,1,Tactus VLUXE Dual Curtain Switch,Dual Curtain Switch,2,remote,acrylic,8799,Available
Tactus VLUXE,8,1,Tactus VLUXE Dual Curtain Switch,Dual Curtain Switch,2,remote,glass,9699,Available
Tactus VLUXE,8,1,Tactus VLUXE Dual Curtain Switch,Dual Curtain Switch,2,wifi,acrylic,11599,Available
Tactus VLUXE,8,1,Tactus VLUXE Dual Curtain Switch,Dual Curtain Switch,2,wifi,glass,12499,Available
Tactus VLUXE,8,1,Tactus VLUXE Dual Curtain Switch,Dual Curtain Switch,2,zigbee,acrylic,13799,Available
Tactus VLUXE,8,1,Tactus VLUXE Dual Curtain Switch,Dual Curtain Switch,2,zigbee,glass,14599,Available
Tactus VLUXE,9,1,Tactus VLUXE 2 Switch 1 Socket (6A),2 Switch 1 Socket (6A),4,remote,acrylic,9199,Available
Tactus VLUXE,9,1,Tactus VLUXE 2 Switch 1 Socket (6A),2 Switch 1 Socket (6A),4,remote,glass,10499,Available
Tactus VLUXE,9,1,Tactus VLUXE 2 Switch 1 Socket (6A),2 Switch 1 Socket (6A),4,wifi,acrylic,11999,Available
Tactus VLUXE,9,1,Tactus VLUXE 2 Switch 1 Socket (6A),2 Switch 1 Socket (6A),4,wifi,glass,13299,Available
Tactus VLUXE,9,1,Tactus VLUXE 2 Switch 1 Socket (6A),2 Switch 1 Socket (6A),4,zigbee,acrylic,14099,Available
Tactus VLUXE,9,1,Tactus VLUXE 2 Switch 1 Socket (6A),2 Switch 1 Socket (6A),4,zigbee,glass,15399,Available
Tactus VLUXE,10,1,Tactus VLUXE 4 Switch,4 Switch,4,remote,acrylic,11099,Available
Tactus VLUXE,10,1,Tactus VLUXE 4 Switch,4 Switch,4,remote,glass,12299,Available
Tactus VLUXE,10,1,Tactus VLUXE 4 Switch,4 Switch,4,wifi,acrylic,13999,Available
Tactus VLUXE,10,1,Tactus VLUXE 4 Switch,4 Switch,4,wifi,glass,15099,Available
Tactus VLUXE,10,1,Tactus VLUXE 4 Switch,4 Switch,4,zigbee,acrylic,16099,Available
Tactus VLUXE,10,1,Tactus VLUXE 4 Switch,4 Switch,4,zigbee,glass,17299,Available
Tactus VLUXE,11,2,Tactus VLUXE 4 Switch 1 Socket (6A) ( All 6A Switch ),4 Switch 1 Socket (6A) ( All 6A Switch ),4,remote,acrylic,10799,Available
Tactus VLUXE,11,2,Tactus VLUXE 4 Switch 1 Socket (6A) ( All 6A Switch ),4 Switch 1 Socket (6A) ( All 6A Switch ),4,remote,glass,12099,Available
Tactus VLUXE,11,2,Tactus VLUXE 4 Switch 1 Socket (6A) ( All 6A Switch ),4 Switch 1 Socket (6A) ( All 6A Switch ),4,wifi,acrylic,13599,Available
Tactus VLUXE,11,2,Tactus VLUXE 4 Switch 1 Socket (6A) ( All 6A Switch ),4 Switch 1 Socket (6A) ( All 6A Switch ),4,wifi,glass,14899,Available
Tactus VLUXE,11,2,Tactus VLUXE 4 Switch 1 Socket (6A) ( All 6A Switch ),4 Switch 1 Socket (6A) ( All 6A Switch ),4,zigbee,acrylic,15799,Available
Tactus VLUXE,11,2,Tactus VLUXE 4 Switch 1 Socket (6A) ( All 6A Switch ),4 Switch 1 Socket (6A) ( All 6A Switch ),4,zigbee,glass,17099,Available
Tactus VLUXE,12,2,Tactus VLUXE 4 Switch 1 Fan Regulator,4 Switch 1 Fan Regulator,4,remote,acrylic,14399,Available
Tactus VLUXE,12,2,Tactus VLUXE 4 Switch 1 Fan Regulator,4 Switch 1 Fan Regulator,4,remote,glass,15499,Available
Tactus VLUXE,12,2,Tactus VLUXE 4 Switch 1 Fan Regulator,4 Switch 1 Fan Regulator,4,wifi,acrylic,17199,Available
Tactus VLUXE,12,2,Tactus VLUXE 4 Switch 1 Fan Regulator,4 Switch 1 Fan Regulator,4,wifi,glass,18299,Available
Tactus VLUXE,12,2,Tactus VLUXE 4 Switch 1 Fan Regulator,4 Switch 1 Fan Regulator,4,zigbee,acrylic,19299,Available
Tactus VLUXE,12,2,Tactus VLUXE 4 Switch 1 Fan Regulator,4 Switch 1 Fan Regulator,4,zigbee,glass,20499,Available
Tactus VLUXE,13,2,Tactus VLUXE 6 Switch,6 Switch,4,remote,acrylic,13399,Available
Tactus VLUXE,13,2,Tactus VLUXE 6 Switch,6 Switch,4,remote,glass,14599,Available
Tactus VLUXE,13,2,Tactus VLUXE 6 Switch,6 Switch,4,wifi,acrylic,16199,Available
Tactus VLUXE,13,2,Tactus VLUXE 6 Switch,6 Switch,4,wifi,glass,17399,Available
Tactus VLUXE,13,2,Tactus VLUXE 6 Switch,6 Switch,4,zigbee,acrylic,18299,Available
Tactus VLUXE,13,2,Tactus VLUXE 6 Switch,6 Switch,4,zigbee,glass,19499,Available
Tactus VLUXE,14,2,Tactus VLUXE 2 Switch 2 Socket (6A),2 Switch 2 Socket (6A),6,remote,acrylic,11199,Available
Tactus VLUXE,14,2,Tactus VLUXE 2 Switch 2 Socket (6A),2 Switch 2 Socket (6A),6,remote,glass,12999,Available
Tactus VLUXE,14,2,Tactus VLUXE 2 Switch 2 Socket (6A),2 Switch 2 Socket (6A),6,wifi,acrylic,13999,Available
Tactus VLUXE,14,2,Tactus VLUXE 2 Switch 2 Socket (6A),2 Switch 2 Socket (6A),6,wifi,glass,15799,Available
Tactus VLUXE,14,2,Tactus VLUXE 2 Switch 2 Socket (6A),2 Switch 2 Socket (6A),6,zigbee,acrylic,16099,Available
Tactus VLUXE,14,2,Tactus VLUXE 2 Switch 2 Socket (6A),2 Switch 2 Socket (6A),6,zigbee,glass,17899,Available
Tactus VLUXE,15,2,Tactus VLUXE 4 Switch 2 Socket (6A) ( All 6A Switch ),4 Switch 2 Socket (6A) ( All 6A Switch ),6,remote,acrylic,12799,Available
Tactus VLUXE,15,2,Tactus VLUXE 4 Switch 2 Socket (6A) ( All 6A Switch ),4 Switch 2 Socket (6A) ( All 6A Switch ),6,remote,glass,14599,Available
Tactus VLUXE,15,2,Tactus VLUXE 4 Switch 2 Socket (6A) ( All 6A Switch ),4 Switch 2 Socket (6A) ( All 6A Switch ),6,wifi,acrylic,15599,Available
Tactus VLUXE,15,2,Tactus VLUXE 4 Switch 2 Socket (6A) ( All 6A Switch ),4 Switch 2 Socket (6A) ( All 6A Switch ),6,wifi,glass,17399,Available
Tactus VLUXE,15,2,Tactus VLUXE 4 Switch 2 Socket (6A) ( All 6A Switch ),4 Switch 2 Socket (6A) ( All 6A Switch ),6,zigbee,acrylic,17699,Available
Tactus VLUXE,15,2,Tactus VLUXE 4 Switch 2 Socket (6A) ( All 6A Switch ),4 Switch 2 Socket (6A) ( All 6A Switch ),6,zigbee,glass,19599,Available
Tactus VLUXE,16,2,Tactus VLUXE 4 Switch 1 Socket (6A),4 Switch 1 Socket (6A),6,remote,acrylic,13099,Available
Tactus VLUXE,16,2,Tactus VLUXE 4 Switch 1 Socket (6A),4 Switch 1 Socket (6A),6,remote,glass,14799,Available
Tactus VLUXE,16,2,Tactus VLUXE 4 Switch 1 Socket (6A),4 Switch 1 Socket (6A),6,wifi,acrylic,15899,Available
Tactus VLUXE,16,2,Tactus VLUXE 4 Switch 1 Socket (6A),4 Switch 1 Socket (6A),6,wifi,glass,17599,Available
Tactus VLUXE,16,2,Tactus VLUXE 4 Switch 1 Socket (6A),4 Switch 1 Socket (6A),6,zigbee,acrylic,18099,Available
Tactus VLUXE,16,2,Tactus VLUXE 4 Switch 1 Socket (6A),4 Switch 1 Socket (6A),6,zigbee,glass,19699,Available
Tactus VLUXE,17,2,Tactus VLUXE 6 Switch,6 Switch,6,remote,acrylic,14899,Available
Tactus VLUXE,17,2,Tactus VLUXE 6 Switch,6 Switch,6,remote,glass,16399,Available
Tactus VLUXE,17,2,Tactus VLUXE 6 Switch,6 Switch,6,wifi,acrylic,17699,Available
Tactus VLUXE,17,2,Tactus VLUXE 6 Switch,6 Switch,6,wifi,glass,19199,Available
Tactus VLUXE,17,2,Tactus VLUXE 6 Switch,6 Switch,6,zigbee,acrylic,19799,Available
Tactus VLUXE,17,2,Tactus VLUXE 6 Switch,6 Switch,6,zigbee,glass,21299,Available
Tactus VLUXE,18,2,Tactus VLUXE 8 Switch,8 Switch,6,remote,acrylic,17099,Available
Tactus VLUXE,18,2,Tactus VLUXE 8 Switch,8 Switch,6,remote,glass,18599,Available
Tactus VLUXE,18,2,Tactus VLUXE 8 Switch,8 Switch,6,wifi,acrylic,19899,Available
Tactus VLUXE,18,2,Tactus VLUXE 8 Switch,8 Switch,6,wifi,glass,21399,Available
Tactus VLUXE,18,2,Tactus VLUXE 8 Switch,8 Switch,6,zigbee,acrylic,22099,Available
Tactus VLUXE,18,2,Tactus VLUXE 8 Switch,8 Switch,6,zigbee,glass,23599,Available
Tactus VLUXE,19,2,Tactus VLUXE 6 Switch 1 Socket (6A),6 Switch 1 Socket (6A),6,remote,acrylic,15399,Available
Tactus VLUXE,19,2,Tactus VLUXE 6 Switch 1 Socket (6A),6 Switch 1 Socket (6A),6,remote,glass,16999,Available
Tactus VLUXE,19,2,Tactus VLUXE 6 Switch 1 Socket (6A),6 Switch 1 Socket (6A),6,wifi,acrylic,18199,Available
Tactus VLUXE,19,2,Tactus VLUXE 6 Switch 1 Socket (6A),6 Switch 1 Socket (6A),6,wifi,glass,19799,Available
Tactus VLUXE,19,2,Tactus VLUXE 6 Switch 1 Socket (6A),6 Switch 1 Socket (6A),6,zigbee,acrylic,20299,Available
Tactus VLUXE,19,2,Tactus VLUXE 6 Switch 1 Socket (6A),6 Switch 1 Socket (6A),6,zigbee,glass,21999,Available
Tactus VLUXE,20,2,Tactus VLUXE 4 Switch 1 Fan 1 Socket (6A),4 Switch 1 Fan 1 Socket (6A),6,remote,acrylic,16299,Available
Tactus VLUXE,20,2,Tactus VLUXE 4 Switch 1 Fan 1 Socket (6A),4 Switch 1 Fan 1 Socket (6A),6,remote,glass,17999,Available
Tactus VLUXE,20,2,Tactus VLUXE 4 Switch 1 Fan 1 Socket (6A),4 Switch 1 Fan 1 Socket (6A),6,wifi,acrylic,19099,Available
Tactus VLUXE,20,2,Tactus VLUXE 4 Switch 1 Fan 1 Socket (6A),4 Switch 1 Fan 1 Socket (6A),6,wifi,glass,20799,Available
Tactus VLUXE,20,2,Tactus VLUXE 4 Switch 1 Fan 1 Socket (6A),4 Switch 1 Fan 1 Socket (6A),6,zigbee,acrylic,21299,Available
Tactus VLUXE,20,2,Tactus VLUXE 4 Switch 1 Fan 1 Socket (6A),4 Switch 1 Fan 1 Socket (6A),6,zigbee,glass,22899,Available
Tactus VLUXE,21,2,Tactus VLUXE 6 Switch 1 Fan,6 Switch 1 Fan,6,remote,acrylic,18299,Available
Tactus VLUXE,21,2,Tactus VLUXE 6 Switch 1 Fan,6 Switch 1 Fan,6,remote,glass,19799,Available
Tactus VLUXE,21,2,Tactus VLUXE 6 Switch 1 Fan,6 Switch 1 Fan,6,wifi,acrylic,21099,Available
Tactus VLUXE,21,2,Tactus VLUXE 6 Switch 1 Fan,6 Switch 1 Fan,6,wifi,glass,22599,Available
Tactus VLUXE,21,2,Tactus VLUXE 6 Switch 1 Fan,6 Switch 1 Fan,6,zigbee,acrylic,23299,Available
Tactus VLUXE,21,2,Tactus VLUXE 6 Switch 1 Fan,6 Switch 1 Fan,6,zigbee,glass,24799,Available
Tactus VLUXE,22,2,Tactus VLUXE 4 Switch 2 Fan,4 Switch 2 Fan,6,remote,acrylic,18999,Available
Tactus VLUXE,22,2,Tactus VLUXE 4 Switch 2 Fan,4 Switch 2 Fan,6,remote,glass,20499,Available
Tactus VLUXE,22,2,Tactus VLUXE 4 Switch 2 Fan,4 Switch 2 Fan,6,wifi,acrylic,21799,Available
Tactus VLUXE,22,2,Tactus VLUXE 4 Switch 2 Fan,4 Switch 2 Fan,6,wifi,glass,23299,Available
Tactus VLUXE,22,2,Tactus VLUXE 4 Switch 2 Fan,4 Switch 2 Fan,6,zigbee,acrylic,23899,Available
Tactus VLUXE,22,2,Tactus VLUXE 4 Switch 2 Fan,4 Switch 2 Fan,6,zigbee,glass,25399,Available
Tactus VLUXE,23,3,Tactus VLUXE 2 Switch 2 Socket (6A),2 Switch 2 Socket (6A),8,remote,acrylic,12999,Available
Tactus VLUXE,23,3,Tactus VLUXE 2 Switch 2 Socket (6A),2 Switch 2 Socket (6A),8,remote,glass,14899,Available
Tactus VLUXE,23,3,Tactus VLUXE 2 Switch 2 Socket (6A),2 Switch 2 Socket (6A),8,wifi,acrylic,15799,Available
Tactus VLUXE,23,3,Tactus VLUXE 2 Switch 2 Socket (6A),2 Switch 2 Socket (6A),8,wifi,glass,17699,Available
Tactus VLUXE,23,3,Tactus VLUXE 2 Switch 2 Socket (6A),2 Switch 2 Socket (6A),8,zigbee,acrylic,17899,Available
Tactus VLUXE,23,3,Tactus VLUXE 2 Switch 2 Socket (6A),2 Switch 2 Socket (6A),8,zigbee,glass,19899,Available
Tactus VLUXE,24,3,Tactus VLUXE 6 Switch 1 Fan,6 Switch 1 Fan,8,remote,acrylic,20099,Available
Tactus VLUXE,24,3,Tactus VLUXE 6 Switch 1 Fan,6 Switch 1 Fan,8,remote,glass,21799,Available
Tactus VLUXE,24,3,Tactus VLUXE 6 Switch 1 Fan,6 Switch 1 Fan,8,wifi,acrylic,22899,Available
Tactus VLUXE,24,3,Tactus VLUXE 6 Switch 1 Fan,6 Switch 1 Fan,8,wifi,glass,24599,Available
Tactus VLUXE,24,3,Tactus VLUXE 6 Switch 1 Fan,6 Switch 1 Fan,8,zigbee,acrylic,25099,Available
Tactus VLUXE,24,3,Tactus VLUXE 6 Switch 1 Fan,6 Switch 1 Fan,8,zigbee,glass,26699,Available
Tactus VLUXE,25,3,Tactus VLUXE 8 Switch,8 Switch,8,remote,acrylic,18899,Available
Tactus VLUXE,25,3,Tactus VLUXE 8 Switch,8 Switch,8,remote,glass,20599,Available
Tactus VLUXE,25,3,Tactus VLUXE 8 Switch,8 Switch,8,wifi,acrylic,21699,Available
Tactus VLUXE,25,3,Tactus VLUXE 8 Switch,8 Switch,8,wifi,glass,23399,Available
Tactus VLUXE,25,3,Tactus VLUXE 8 Switch,8 Switch,8,zigbee,acrylic,23899,Available
Tactus VLUXE,25,3,Tactus VLUXE 8 Switch,8 Switch,8,zigbee,glass,25499,Available
Tactus VLUXE,26,3,Tactus VLUXE 4 Switch 1 Socket (6A),4 Switch 1 Socket (6A),8,remote,acrylic,14899,Available
Tactus VLUXE,26,3,Tactus VLUXE 4 Switch 1 Socket (6A),4 Switch 1 Socket (6A),8,remote,glass,16699,Available
Tactus VLUXE,26,3,Tactus VLUXE 4 Switch 1 Socket (6A),4 Switch 1 Socket (6A),8,wifi,acrylic,17699,Available
Tactus VLUXE,26,3,Tactus VLUXE 4 Switch 1 Socket (6A),4 Switch 1 Socket (6A),8,wifi,glass,19499,Available
Tactus VLUXE,26,3,Tactus VLUXE 4 Switch 1 Socket (6A),4 Switch 1 Socket (6A),8,zigbee,acrylic,19899,Available
Tactus VLUXE,26,3,Tactus VLUXE 4 Switch 1 Socket (6A),4 Switch 1 Socket (6A),8,zigbee,glass,21699,Available
Tactus VLUXE,27,3,Tactus VLUXE 4 Switch 1 Fan 1 Socket (6A),4 Switch 1 Fan 1 Socket (6A),8,remote,acrylic,18099,Available
Tactus VLUXE,27,3,Tactus VLUXE 4 Switch 1 Fan 1 Socket (6A),4 Switch 1 Fan 1 Socket (6A),8,remote,glass,19999,Available
Tactus VLUXE,27,3,Tactus VLUXE 4 Switch 1 Fan 1 Socket (6A),4 Switch 1 Fan 1 Socket (6A),8,wifi,acrylic,20899,Available
Tactus VLUXE,27,3,Tactus VLUXE 4 Switch 1 Fan 1 Socket (6A),4 Switch 1 Fan 1 Socket (6A),8,wifi,glass,22799,Available
Tactus VLUXE,27,3,Tactus VLUXE 4 Switch 1 Fan 1 Socket (6A),4 Switch 1 Fan 1 Socket (6A),8,zigbee,acrylic,23099,Available
Tactus VLUXE,27,3,Tactus VLUXE 4 Switch 1 Fan 1 Socket (6A),4 Switch 1 Fan 1 Socket (6A),8,zigbee,glass,24899,Available
Tactus VLUXE,28,3,Tactus VLUXE 6 Switch 1 Fan 1 Socket (6A),6 Switch 1 Fan 1 Socket (6A),8,remote,acrylic,20599,Available
Tactus VLUXE,28,3,Tactus VLUXE 6 Switch 1 Fan 1 Socket (6A),6 Switch 1 Fan 1 Socket (6A),8,remote,glass,22399,Available
Tactus VLUXE,28,3,Tactus VLUXE 6 Switch 1 Fan 1 Socket (6A),6 Switch 1 Fan 1 Socket (6A),8,wifi,acrylic,23399,Available
Tactus VLUXE,28,3,Tactus VLUXE 6 Switch 1 Fan 1 Socket (6A),6 Switch 1 Fan 1 Socket (6A),8,wifi,glass,25199,Available
Tactus VLUXE,28,3,Tactus VLUXE 6 Switch 1 Fan 1 Socket (6A),6 Switch 1 Fan 1 Socket (6A),8,zigbee,acrylic,25599,Available
Tactus VLUXE,28,3,Tactus VLUXE 6 Switch 1 Fan 1 Socket (6A),6 Switch 1 Fan 1 Socket (6A),8,zigbee,glass,27399,Available
Tactus VLUXE,29,3,Tactus VLUXE 6 Switch 1 Socket (6A),6 Switch 1 Socket (6A),8,remote,acrylic,17199,Available
Tactus VLUXE,29,3,Tactus VLUXE 6 Switch 1 Socket (6A),6 Switch 1 Socket (6A),8,remote,glass,18999,Available
Tactus VLUXE,29,3,Tactus VLUXE 6 Switch 1 Socket (6A),6 Switch 1 Socket (6A),8,wifi,acrylic,19999,Available
Tactus VLUXE,29,3,Tactus VLUXE 6 Switch 1 Socket (6A),6 Switch 1 Socket (6A),8,wifi,glass,21799,Available
Tactus VLUXE,29,3,Tactus VLUXE 6 Switch 1 Socket (6A),6 Switch 1 Socket (6A),8,zigbee,acrylic,22099,Available
Tactus VLUXE,29,3,Tactus VLUXE 6 Switch 1 Socket (6A),6 Switch 1 Socket (6A),8,zigbee,glass,23899,Available
Tactus VLUXE,30,3,Tactus VLUXE 8 Switch 1 Socket (6A),8 Switch 1 Socket (6A),8,remote,acrylic,19399,Available
Tactus VLUXE,30,3,Tactus VLUXE 8 Switch 1 Socket (6A),8 Switch 1 Socket (6A),8,remote,glass,21199,Available
Tactus VLUXE,30,3,Tactus VLUXE 8 Switch 1 Socket (6A),8 Switch 1 Socket (6A),8,wifi,acrylic,22199,Available
Tactus VLUXE,30,3,Tactus VLUXE 8 Switch 1 Socket (6A),8 Switch 1 Socket (6A),8,wifi,glass,23999,Available
Tactus VLUXE,30,3,Tactus VLUXE 8 Switch 1 Socket (6A),8 Switch 1 Socket (6A),8,zigbee,acrylic,24399,Available
Tactus VLUXE,30,3,Tactus VLUXE 8 Switch 1 Socket (6A),8 Switch 1 Socket (6A),8,zigbee,glass,26199,Available
Tactus VLUXE,31,3,Tactus VLUXE 4 Switch 2 Fan 1 Socket (6A),4 Switch 2 Fan 1 Socket (6A),8,remote,acrylic,21299,Available
Tactus VLUXE,31,3,Tactus VLUXE 4 Switch 2 Fan 1 Socket (6A),4 Switch 2 Fan 1 Socket (6A),8,remote,glass,23099,Available
Tactus VLUXE,31,3,Tactus VLUXE 4 Switch 2 Fan 1 Socket (6A),4 Switch 2 Fan 1 Socket (6A),8,wifi,acrylic,24099,Available
Tactus VLUXE,31,3,Tactus VLUXE 4 Switch 2 Fan 1 Socket (6A),4 Switch 2 Fan 1 Socket (6A),8,wifi,glass,25899,Available
Tactus VLUXE,31,3,Tactus VLUXE 4 Switch 2 Fan 1 Socket (6A),4 Switch 2 Fan 1 Socket (6A),8,zigbee,acrylic,26199,Available
Tactus VLUXE,31,3,Tactus VLUXE 4 Switch 2 Fan 1 Socket (6A),4 Switch 2 Fan 1 Socket (6A),8,zigbee,glass,27999,Available
Tactus VLUXE,32,3,Tactus VLUXE 4 Switch 2 Socket (6A),4 Switch 2 Socket (6A),8,remote,acrylic,15399,Available
Tactus VLUXE,32,3,Tactus VLUXE 4 Switch 2 Socket (6A),4 Switch 2 Socket (6A),8,remote,glass,17399,Available
Tactus VLUXE,32,3,Tactus VLUXE 4 Switch 2 Socket (6A),4 Switch 2 Socket (6A),8,wifi,acrylic,18199,Available
Tactus VLUXE,32,3,Tactus VLUXE 4 Switch 2 Socket (6A),4 Switch 2 Socket (6A),8,wifi,glass,20199,Available
Tactus VLUXE,32,3,Tactus VLUXE 4 Switch 2 Socket (6A),4 Switch 2 Socket (6A),8,zigbee,acrylic,20399,Available
Tactus VLUXE,32,3,Tactus VLUXE 4 Switch 2 Socket (6A),4 Switch 2 Socket (6A),8,zigbee,glass,22399,Available
Tactus VLUXE,33,3,Tactus VLUXE 6 Switch 2 Socket (6A),6 Switch 2 Socket (6A),8,remote,acrylic,17699,Available
Tactus VLUXE,33,3,Tactus VLUXE 6 Switch 2 Socket (6A),6 Switch 2 Socket (6A),8,remote,glass,19699,Available
Tactus VLUXE,33,3,Tactus VLUXE 6 Switch 2 Socket (6A),6 Switch 2 Socket (6A),8,wifi,acrylic,20499,Available
Tactus VLUXE,33,3,Tactus VLUXE 6 Switch 2 Socket (6A),6 Switch 2 Socket (6A),8,wifi,glass,22499,Available
Tactus VLUXE,33,3,Tactus VLUXE 6 Switch 2 Socket (6A),6 Switch 2 Socket (6A),8,zigbee,acrylic,22599,Available
Tactus VLUXE,33,3,Tactus VLUXE 6 Switch 2 Socket (6A),6 Switch 2 Socket (6A),8,zigbee,glass,24599,Available
Tactus VLUXE,34,3,Tactus VLUXE 10 Switch,10 Switch,8,remote,acrylic,21199,Available
Tactus VLUXE,34,3,Tactus VLUXE 10 Switch,10 Switch,8,remote,glass,22899,Available
Tactus VLUXE,34,3,Tactus VLUXE 10 Switch,10 Switch,8,wifi,acrylic,23999,Available
Tactus VLUXE,34,3,Tactus VLUXE 10 Switch,10 Switch,8,wifi,glass,25699,Available
Tactus VLUXE,34,3,Tactus VLUXE 10 Switch,10 Switch,8,zigbee,acrylic,26199,Available
Tactus VLUXE,34,3,Tactus VLUXE 10 Switch,10 Switch,8,zigbee,glass,27799,Available
Tactus VLUXE,35,4,Tactus VLUXE 6 Switch 2 Fan,6 Switch 2 Fan,8,remote,acrylic,23199,Available
Tactus VLUXE,35,4,Tactus VLUXE 6 Switch 2 Fan,6 Switch 2 Fan,8,remote,glass,24899,Available
Tactus VLUXE,35,4,Tactus VLUXE 6 Switch 2 Fan,6 Switch 2 Fan,8,wifi,acrylic,26099,Available
Tactus VLUXE,35,4,Tactus VLUXE 6 Switch 2 Fan,6 Switch 2 Fan,8,wifi,glass,27699,Available
Tactus VLUXE,35,4,Tactus VLUXE 6 Switch 2 Fan,6 Switch 2 Fan,8,zigbee,acrylic,28199,Available
Tactus VLUXE,35,4,Tactus VLUXE 6 Switch 2 Fan,6 Switch 2 Fan,8,zigbee,glass,29799,Available
Tactus VLUXE,36,4,Tactus VLUXE 8 Switch 1 Fan,8 Switch 1 Fan,8,remote,acrylic,22599,Available
Tactus VLUXE,36,4,Tactus VLUXE 8 Switch 1 Fan,8 Switch 1 Fan,8,remote,glass,24199,Available
Tactus VLUXE,36,4,Tactus VLUXE 8 Switch 1 Fan,8 Switch 1 Fan,8,wifi,acrylic,25399,Available
Tactus VLUXE,36,4,Tactus VLUXE 8 Switch 1 Fan,8 Switch 1 Fan,8,wifi,glass,26999,Available
Tactus VLUXE,36,4,Tactus VLUXE 8 Switch 1 Fan,8 Switch 1 Fan,8,zigbee,acrylic,27499,Available
Tactus VLUXE,36,4,Tactus VLUXE 8 Switch 1 Fan,8 Switch 1 Fan,8,zigbee,glass,29199,Available
Tactus VLUXE,37,4,Tactus VLUXE 4 Switch 1 Fan 2 Socket (6A),4 Switch 1 Fan 2 Socket (6A),12,remote,acrylic,20899,Available
Tactus VLUXE,37,4,Tactus VLUXE 4 Switch 1 Fan 2 Socket (6A),4 Switch 1 Fan 2 Socket (6A),12,remote,glass,23699,Available
Tactus VLUXE,37,4,Tactus VLUXE 4 Switch 1 Fan 2 Socket (6A),4 Switch 1 Fan 2 Socket (6A),12,wifi,acrylic,23699,Available
Tactus VLUXE,37,4,Tactus VLUXE 4 Switch 1 Fan 2 Socket (6A),4 Switch 1 Fan 2 Socket (6A),12,wifi,glass,26499,Available
Tactus VLUXE,37,4,Tactus VLUXE 4 Switch 1 Fan 2 Socket (6A),4 Switch 1 Fan 2 Socket (6A),12,zigbee,acrylic,25799,Available
Tactus VLUXE,37,4,Tactus VLUXE 4 Switch 1 Fan 2 Socket (6A),4 Switch 1 Fan 2 Socket (6A),12,zigbee,glass,28599,Available
Tactus VLUXE,38,4,Tactus VLUXE 6 Switch 1 Fan 2 Socket (6A),6 Switch 1 Fan 2 Socket (6A),12,remote,acrylic,23299,Available
Tactus VLUXE,38,4,Tactus VLUXE 6 Switch 1 Fan 2 Socket (6A),6 Switch 1 Fan 2 Socket (6A),12,remote,glass,26199,Available
Tactus VLUXE,38,4,Tactus VLUXE 6 Switch 1 Fan 2 Socket (6A),6 Switch 1 Fan 2 Socket (6A),12,wifi,acrylic,26199,Available
Tactus VLUXE,38,4,Tactus VLUXE 6 Switch 1 Fan 2 Socket (6A),6 Switch 1 Fan 2 Socket (6A),12,wifi,glass,28999,Available
Tactus VLUXE,38,4,Tactus VLUXE 6 Switch 1 Fan 2 Socket (6A),6 Switch 1 Fan 2 Socket (6A),12,zigbee,acrylic,28299,Available
Tactus VLUXE,38,4,Tactus VLUXE 6 Switch 1 Fan 2 Socket (6A),6 Switch 1 Fan 2 Socket (6A),12,zigbee,glass,31099,Available
Tactus VLUXE,39,4,Tactus VLUXE 8 Switch 1 Fan 2 Socket (6A),8 Switch 1 Fan 2 Socket (6A),12,remote,acrylic,28099,Available
Tactus VLUXE,39,4,Tactus VLUXE 8 Switch 1 Fan 2 Socket (6A),8 Switch 1 Fan 2 Socket (6A),12,remote,glass,30899,Available
Tactus VLUXE,39,4,Tactus VLUXE 8 Switch 1 Fan 2 Socket (6A),8 Switch 1 Fan 2 Socket (6A),12,wifi,acrylic,33699,Available
Tactus VLUXE,39,4,Tactus VLUXE 8 Switch 1 Fan 2 Socket (6A),8 Switch 1 Fan 2 Socket (6A),12,wifi,glass,36499,Available
Tactus VLUXE,39,4,Tactus VLUXE 8 Switch 1 Fan 2 Socket (6A),8 Switch 1 Fan 2 Socket (6A),12,zigbee,acrylic,37999,Available
Tactus VLUXE,39,4,Tactus VLUXE 8 Switch 1 Fan 2 Socket (6A),8 Switch 1 Fan 2 Socket (6A),12,zigbee,glass,40799,Available
Tactus VLUXE,40,4,Tactus VLUXE 10 Switch 1 Fan 2 Socket (6A),10 Switch 1 Fan 2 Socket (6A),12,remote,acrylic,30299,Available
Tactus VLUXE,40,4,Tactus VLUXE 10 Switch 1 Fan 2 Socket (6A),10 Switch 1 Fan 2 Socket (6A),12,remote,glass,33099,Available
Tactus VLUXE,40,4,Tactus VLUXE 10 Switch 1 Fan 2 Socket (6A),10 Switch 1 Fan 2 Socket (6A),12,wifi,acrylic,35899,Available
Tactus VLUXE,40,4,Tactus VLUXE 10 Switch 1 Fan 2 Socket (6A),10 Switch 1 Fan 2 Socket (6A),12,wifi,glass,38699,Available
Tactus VLUXE,40,4,Tactus VLUXE 10 Switch 1 Fan 2 Socket (6A),10 Switch 1 Fan 2 Socket (6A),12,zigbee,acrylic,40199,Available
Tactus VLUXE,40,4,Tactus VLUXE 10 Switch 1 Fan 2 Socket (6A),10 Switch 1 Fan 2 Socket (6A),12,zigbee,glass,42999,Available
Tactus VLUXE,41,4,Tactus VLUXE 8 Switch 2 Fan 2 Socket (6A),8 Switch 2 Fan 2 Socket (6A),12,remote,acrylic,31299,Available
Tactus VLUXE,41,4,Tactus VLUXE 8 Switch 2 Fan 2 Socket (6A),8 Switch 2 Fan 2 Socket (6A),12,remote,glass,34099,Available
Tactus VLUXE,41,4,Tactus VLUXE 8 Switch 2 Fan 2 Socket (6A),8 Switch 2 Fan 2 Socket (6A),12,wifi,acrylic,36899,Available
Tactus VLUXE,41,4,Tactus VLUXE 8 Switch 2 Fan 2 Socket (6A),8 Switch 2 Fan 2 Socket (6A),12,wifi,glass,39699,Available
Tactus VLUXE,41,4,Tactus VLUXE 8 Switch 2 Fan 2 Socket (6A),8 Switch 2 Fan 2 Socket (6A),12,zigbee,acrylic,41199,Available
Tactus VLUXE,41,4,Tactus VLUXE 8 Switch 2 Fan 2 Socket (6A),8 Switch 2 Fan 2 Socket (6A),12,zigbee,glass,43999,Available
Tactus VLUXE,42,4,Tactus VLUXE 8 Switch 2 Fan,8 Switch 2 Fan,12,remote,acrylic,30299,Available
Tactus VLUXE,42,4,Tactus VLUXE 8 Switch 2 Fan,8 Switch 2 Fan,12,remote,glass,32799,Available
Tactus VLUXE,42,4,Tactus VLUXE 8 Switch 2 Fan,8 Switch 2 Fan,12,wifi,acrylic,35899,Available
Tactus VLUXE,42,4,Tactus VLUXE 8 Switch 2 Fan,8 Switch 2 Fan,12,wifi,glass,38399,Available
Tactus VLUXE,42,4,Tactus VLUXE 8 Switch 2 Fan,8 Switch 2 Fan,12,zigbee,acrylic,40199,Available
Tactus VLUXE,42,4,Tactus VLUXE 8 Switch 2 Fan,8 Switch 2 Fan,12,zigbee,glass,42699,Available
Tactus VLUXE,43,5,Tactus VLUXE 12 Switch 2 Fan,12 Switch 2 Fan,12,remote,acrylic,35199,Available
Tactus VLUXE,43,5,Tactus VLUXE 12 Switch 2 Fan,12 Switch 2 Fan,12,remote,glass,37699,Available
Tactus VLUXE,43,5,Tactus VLUXE 12 Switch 2 Fan,12 Switch 2 Fan,12,wifi,acrylic,40799,Available
Tactus VLUXE,43,5,Tactus VLUXE 12 Switch 2 Fan,12 Switch 2 Fan,12,wifi,glass,43299,Available
Tactus VLUXE,43,5,Tactus VLUXE 12 Switch 2 Fan,12 Switch 2 Fan,12,zigbee,acrylic,45099,Available
Tactus VLUXE,43,5,Tactus VLUXE 12 Switch 2 Fan,12 Switch 2 Fan,12,zigbee,glass,47599,Available
Tactus VLUXE,44,5,Tactus VLUXE 12 Switch,12 Switch,12,remote,acrylic,28399,Available
Tactus VLUXE,44,5,Tactus VLUXE 12 Switch,12 Switch,12,remote,glass,30799,Available
Tactus VLUXE,44,5,Tactus VLUXE 12 Switch,12 Switch,12,wifi,acrylic,33999,Available
Tactus VLUXE,44,5,Tactus VLUXE 12 Switch,12 Switch,12,wifi,glass,36399,Available
Tactus VLUXE,44,5,Tactus VLUXE 12 Switch,12 Switch,12,zigbee,acrylic,38299,Available
Tactus VLUXE,44,5,Tactus VLUXE 12 Switch,12 Switch,12,zigbee,glass,40699,Available
Tactus VLUXE,45,5,Tactus VLUXE 12 Switch 2 Socket (6A),12 Switch 2 Socket (6A),12,remote,acrylic,29399,Available
Tactus VLUXE,45,5,Tactus VLUXE 12 Switch 2 Socket (6A),12 Switch 2 Socket (6A),12,remote,glass,32199,Available
Tactus VLUXE,45,5,Tactus VLUXE 12 Switch 2 Socket (6A),12 Switch 2 Socket (6A),12,wifi,acrylic,34999,Available
Tactus VLUXE,45,5,Tactus VLUXE 12 Switch 2 Socket (6A),12 Switch 2 Socket (6A),12,wifi,glass,37799,Available
Tactus VLUXE,45,5,Tactus VLUXE 12 Switch 2 Socket (6A),12 Switch 2 Socket (6A),12,zigbee,acrylic,39299,Available
Tactus VLUXE,45,5,Tactus VLUXE 12 Switch 2 Socket (6A),12 Switch 2 Socket (6A),12,zigbee,glass,42099,Available
Tactus VLUXE,46,5,Tactus VLUXE 8 Switch 2 Socket (6A),8 Switch 2 Socket (6A),12,remote,acrylic,22199,Available
Tactus VLUXE,46,5,Tactus VLUXE 8 Switch 2 Socket (6A),8 Switch 2 Socket (6A),12,remote,glass,24999,Available
Tactus VLUXE,46,5,Tactus VLUXE 8 Switch 2 Socket (6A),8 Switch 2 Socket (6A),12,wifi,acrylic,24999,Available
Tactus VLUXE,46,5,Tactus VLUXE 8 Switch 2 Socket (6A),8 Switch 2 Socket (6A),12,wifi,glass,27799,Available
Tactus VLUXE,46,5,Tactus VLUXE 8 Switch 2 Socket (6A),8 Switch 2 Socket (6A),12,zigbee,acrylic,27099,Available
Tactus VLUXE,46,5,Tactus VLUXE 8 Switch 2 Socket (6A),8 Switch 2 Socket (6A),12,zigbee,glass,29899,Available
Tactus VLUXE,47,5,Tactus VLUXE 10 Switch 2 Socket (6A),10 Switch 2 Socket (6A),12,remote,acrylic,26899,Available
Tactus VLUXE,47,5,Tactus VLUXE 10 Switch 2 Socket (6A),10 Switch 2 Socket (6A),12,remote,glass,29699,Available
Tactus VLUXE,47,5,Tactus VLUXE 10 Switch 2 Socket (6A),10 Switch 2 Socket (6A),12,wifi,acrylic,32499,Available
Tactus VLUXE,47,5,Tactus VLUXE 10 Switch 2 Socket (6A),10 Switch 2 Socket (6A),12,wifi,glass,35299,Available
Tactus VLUXE,47,5,Tactus VLUXE 10 Switch 2 Socket (6A),10 Switch 2 Socket (6A),12,zigbee,acrylic,36799,Available
Tactus VLUXE,47,5,Tactus VLUXE 10 Switch 2 Socket (6A),10 Switch 2 Socket (6A),12,zigbee,glass,39599,Available
Tactus VLUXE,48,5,Tactus VLUXE 16 Switch,16 Switch,12,remote,acrylic,32899,Available
Tactus VLUXE,48,5,Tactus VLUXE 16 Switch,16 Switch,12,remote,glass,35299,Available
Tactus VLUXE,48,5,Tactus VLUXE 16 Switch,16 Switch,12,wifi,acrylic,38499,Available
Tactus VLUXE,48,5,Tactus VLUXE 16 Switch,16 Switch,12,wifi,glass,40999,Available
Tactus VLUXE,48,5,Tactus VLUXE 16 Switch,16 Switch,12,zigbee,acrylic,42799,Available
Tactus VLUXE,48,5,Tactus VLUXE 16 Switch,16 Switch,12,zigbee,glass,45199,Available
Tactus VLUXE,49,5,Tactus VLUXE 6 Switch 2 Fan 2 Socket (6A),6 Switch 2 Fan 2 Socket (6A),12,remote,acrylic,28699,Available
Tactus VLUXE,49,5,Tactus VLUXE 6 Switch 2 Fan 2 Socket (6A),6 Switch 2 Fan 2 Socket (6A),12,remote,glass,31499,Available
Tactus VLUXE,49,5,Tactus VLUXE 6 Switch 2 Fan 2 Socket (6A),6 Switch 2 Fan 2 Socket (6A),12,wifi,acrylic,34299,Available
Tactus VLUXE,49,5,Tactus VLUXE 6 Switch 2 Fan 2 Socket (6A),6 Switch 2 Fan 2 Socket (6A),12,wifi,glass,37099,Available
Tactus VLUXE,49,5,Tactus VLUXE 6 Switch 2 Fan 2 Socket (6A),6 Switch 2 Fan 2 Socket (6A),12,zigbee,acrylic,38599,Available
Tactus VLUXE,49,5,Tactus VLUXE 6 Switch 2 Fan 2 Socket (6A),6 Switch 2 Fan 2 Socket (6A),12,zigbee,glass,41399,Available
Tactus Color EDGE,1,1,Edge Color Touch Door Bell ( Only Touch ),Door Bell ( Only Touch ),2,remote,acrylic,4099,Available
Tactus Color EDGE,1,1,Edge Color Touch Door Bell ( Only Touch ),Door Bell ( Only Touch ),2,remote,glass,4999,Available
Tactus Color EDGE,1,1,Edge Color Touch Door Bell ( Only Touch ),Door Bell ( Only Touch ),2,wifi,acrylic,4099,Available
Tactus Color EDGE,1,1,Edge Color Touch Door Bell ( Only Touch ),Door Bell ( Only Touch ),2,wifi,glass,4999,Available
Tactus Color EDGE,1,1,Edge Color Touch Door Bell ( Only Touch ),Door Bell ( Only Touch ),2,zigbee,acrylic,4099,Available
Tactus Color EDGE,1,1,Edge Color Touch Door Bell ( Only Touch ),Door Bell ( Only Touch ),2,zigbee,glass,4999,Available
Tactus Color EDGE,2,1,Edge Color Touch 2 Switch (1-2way),2 Switch (1-2way),2,remote,acrylic,5899,Available
Tactus Color EDGE,2,1,Edge Color Touch 2 Switch (1-2way),2 Switch (1-2way),2,remote,glass,6699,Available
Tactus Color EDGE,2,1,Edge Color Touch 2 Switch (1-2way),2 Switch (1-2way),2,wifi,acrylic,8699,Available
Tactus Color EDGE,2,1,Edge Color Touch 2 Switch (1-2way),2 Switch (1-2way),2,wifi,glass,9499,Available
Tactus Color EDGE,2,1,Edge Color Touch 2 Switch (1-2way),2 Switch (1-2way),2,zigbee,acrylic,10799,Available
Tactus Color EDGE,2,1,Edge Color Touch 2 Switch (1-2way),2 Switch (1-2way),2,zigbee,glass,11699,Available
Tactus Color EDGE,3,1,Edge Color Touch 2 Switch (1-16A),2 Switch (1-16A),2,remote,acrylic,6099,Available
Tactus Color EDGE,3,1,Edge Color Touch 2 Switch (1-16A),2 Switch (1-16A),2,remote,glass,6899,Available
Tactus Color EDGE,3,1,Edge Color Touch 2 Switch (1-16A),2 Switch (1-16A),2,wifi,acrylic,8899,Available
Tactus Color EDGE,3,1,Edge Color Touch 2 Switch (1-16A),2 Switch (1-16A),2,wifi,glass,9799,Available
Tactus Color EDGE,3,1,Edge Color Touch 2 Switch (1-16A),2 Switch (1-16A),2,zigbee,acrylic,10999,Available
Tactus Color EDGE,3,1,Edge Color Touch 2 Switch (1-16A),2 Switch (1-16A),2,zigbee,glass,11899,Available
Tactus Color EDGE,4,1,Edge Color Touch 4 Switch ( All 6A Switch ),4 Switch ( All 6A Switch ),2,remote,acrylic,7499,Available
Tactus Color EDGE,4,1,Edge Color Touch 4 Switch ( All 6A Switch ),4 Switch ( All 6A Switch ),2,remote,glass,8399,Available
Tactus Color EDGE,4,1,Edge Color Touch 4 Switch ( All 6A Switch ),4 Switch ( All 6A Switch ),2,wifi,acrylic,10299,Available
Tactus Color EDGE,4,1,Edge Color Touch 4 Switch ( All 6A Switch ),4 Switch ( All 6A Switch ),2,wifi,glass,11199,Available
Tactus Color EDGE,4,1,Edge Color Touch 4 Switch ( All 6A Switch ),4 Switch ( All 6A Switch ),2,zigbee,acrylic,12499,Available
Tactus Color EDGE,4,1,Edge Color Touch 4 Switch ( All 6A Switch ),4 Switch ( All 6A Switch ),2,zigbee,glass,13299,Available
Tactus Color EDGE,5,1,Edge Color 4S Scene Controller,4S Scene Controller,2,remote,acrylic,7099,Available
Tactus Color EDGE,5,1,Edge Color 4S Scene Controller,4S Scene Controller,2,remote,glass,7999,Available
Tactus Color EDGE,5,1,Edge Color 4S Scene Controller,4S Scene Controller,2,wifi,acrylic,9899,Available
Tactus Color EDGE,5,1,Edge Color 4S Scene Controller,4S Scene Controller,2,wifi,glass,10799,Available
Tactus Color EDGE,5,1,Edge Color 4S Scene Controller,4S Scene Controller,2,zigbee,acrylic,12099,Available
Tactus Color EDGE,5,1,Edge Color 4S Scene Controller,4S Scene Controller,2,zigbee,glass,12899,Available
Tactus Color EDGE,6,1,Edge Color Touch 2 Dimmer (Phase cut),2 Dimmer (Phase cut),2,remote,acrylic,8599,Available
Tactus Color EDGE,6,1,Edge Color Touch 2 Dimmer (Phase cut),2 Dimmer (Phase cut),2,remote,glass,9399,Available
Tactus Color EDGE,6,1,Edge Color Touch 2 Dimmer (Phase cut),2 Dimmer (Phase cut),2,wifi,acrylic,11399,Available
Tactus Color EDGE,6,1,Edge Color Touch 2 Dimmer (Phase cut),2 Dimmer (Phase cut),2,wifi,glass,12199,Available
Tactus Color EDGE,6,1,Edge Color Touch 2 Dimmer (Phase cut),2 Dimmer (Phase cut),2,zigbee,acrylic,13499,Available
Tactus Color EDGE,6,1,Edge Color Touch 2 Dimmer (Phase cut),2 Dimmer (Phase cut),2,zigbee,glass,14399,Available
Tactus Color EDGE,7,1,Edge Color Touch Curtain Switch,Curtain Switch,2,remote,acrylic,6099,Available
Tactus Color EDGE,7,1,Edge Color Touch Curtain Switch,Curtain Switch,2,remote,glass,6899,Available
Tactus Color EDGE,7,1,Edge Color Touch Curtain Switch,Curtain Switch,2,wifi,acrylic,8899,Available
Tactus Color EDGE,7,1,Edge Color Touch Curtain Switch,Curtain Switch,2,wifi,glass,9799,Available
Tactus Color EDGE,7,1,Edge Color Touch Curtain Switch,Curtain Switch,2,zigbee,acrylic,10999,Available
Tactus Color EDGE,7,1,Edge Color Touch Curtain Switch,Curtain Switch,2,zigbee,glass,11899,Available
Tactus Color EDGE,8,1,Edge Color Touch Dual Curtain Switch,Dual Curtain Switch,2,remote,acrylic,7399,Available
Tactus Color EDGE,8,1,Edge Color Touch Dual Curtain Switch,Dual Curtain Switch,2,remote,glass,8299,Available
Tactus Color EDGE,8,1,Edge Color Touch Dual Curtain Switch,Dual Curtain Switch,2,wifi,acrylic,10199,Available
Tactus Color EDGE,8,1,Edge Color Touch Dual Curtain Switch,Dual Curtain Switch,2,wifi,glass,11099,Available
Tactus Color EDGE,8,1,Edge Color Touch Dual Curtain Switch,Dual Curtain Switch,2,zigbee,acrylic,12399,Available
Tactus Color EDGE,8,1,Edge Color Touch Dual Curtain Switch,Dual Curtain Switch,2,zigbee,glass,13199,Available
Tactus Color EDGE,9,1,Edge Color Touch 2 Switch,2 Switch,3,remote,acrylic,6099,Available
Tactus Color EDGE,9,1,Edge Color Touch 2 Switch,2 Switch,3,remote,glass,7199,Available
Tactus Color EDGE,9,1,Edge Color Touch 2 Switch,2 Switch,3,wifi,acrylic,8899,Available
Tactus Color EDGE,9,1,Edge Color Touch 2 Switch,2 Switch,3,wifi,glass,9999,Available
Tactus Color EDGE,9,1,Edge Color Touch 2 Switch,2 Switch,3,zigbee,acrylic,10999,Available
Tactus Color EDGE,9,1,Edge Color Touch 2 Switch,2 Switch,3,zigbee,glass,12099,Available
Tactus Color EDGE,10,1,Edge Color Touch 4 Switch (All 6A Switch),4 Switch (All 6A Switch),3,remote,acrylic,7699,Available
Tactus Color EDGE,10,1,Edge Color Touch 4 Switch (All 6A Switch),4 Switch (All 6A Switch),3,remote,glass,8799,Available
Tactus Color EDGE,10,1,Edge Color Touch 4 Switch (All 6A Switch),4 Switch (All 6A Switch),3,wifi,acrylic,10499,Available
Tactus Color EDGE,10,1,Edge Color Touch 4 Switch (All 6A Switch),4 Switch (All 6A Switch),3,wifi,glass,11599,Available
Tactus Color EDGE,10,1,Edge Color Touch 4 Switch (All 6A Switch),4 Switch (All 6A Switch),3,zigbee,acrylic,12699,Available
Tactus Color EDGE,10,1,Edge Color Touch 4 Switch (All 6A Switch),4 Switch (All 6A Switch),3,zigbee,glass,13699,Available
Tactus Color EDGE,11,1,Edge Color Touch 2 Switch 1 Socket (6A),2 Switch 1 Socket (6A),4,remote,acrylic,6599,Available
Tactus Color EDGE,11,1,Edge Color Touch 2 Switch 1 Socket (6A),2 Switch 1 Socket (6A),4,remote,glass,7899,Available
Tactus Color EDGE,11,1,Edge Color Touch 2 Switch 1 Socket (6A),2 Switch 1 Socket (6A),4,wifi,acrylic,9399,Available
Tactus Color EDGE,11,1,Edge Color Touch 2 Switch 1 Socket (6A),2 Switch 1 Socket (6A),4,wifi,glass,10699,Available
Tactus Color EDGE,11,1,Edge Color Touch 2 Switch 1 Socket (6A),2 Switch 1 Socket (6A),4,zigbee,acrylic,11599,Available
Tactus Color EDGE,11,1,Edge Color Touch 2 Switch 1 Socket (6A),2 Switch 1 Socket (6A),4,zigbee,glass,12899,Available
Tactus Color EDGE,12,1,Edge Color Touch 2 Switch (1-16A) 1 Socket (16A),2 Switch (1-16A) 1 Socket (16A),4,remote,acrylic,7199,Available
Tactus Color EDGE,12,1,Edge Color Touch 2 Switch (1-16A) 1 Socket (16A),2 Switch (1-16A) 1 Socket (16A),4,remote,glass,8499,Available
Tactus Color EDGE,12,1,Edge Color Touch 2 Switch (1-16A) 1 Socket (16A),2 Switch (1-16A) 1 Socket (16A),4,wifi,acrylic,9999,Available
Tactus Color EDGE,12,1,Edge Color Touch 2 Switch (1-16A) 1 Socket (16A),2 Switch (1-16A) 1 Socket (16A),4,wifi,glass,11299,Available
Tactus Color EDGE,12,1,Edge Color Touch 2 Switch (1-16A) 1 Socket (16A),2 Switch (1-16A) 1 Socket (16A),4,zigbee,acrylic,12099,Available
Tactus Color EDGE,12,1,Edge Color Touch 2 Switch (1-16A) 1 Socket (16A),2 Switch (1-16A) 1 Socket (16A),4,zigbee,glass,13399,Available
Tactus Color EDGE,13,1,Edge Color Touch 4 Switch,4 Switch,4,remote,acrylic,8799,Available
Tactus Color EDGE,13,1,Edge Color Touch 4 Switch,4 Switch,4,remote,glass,9899,Available
Tactus Color EDGE,13,1,Edge Color Touch 4 Switch,4 Switch,4,wifi,acrylic,11599,Available
Tactus Color EDGE,13,1,Edge Color Touch 4 Switch,4 Switch,4,wifi,glass,12699,Available
Tactus Color EDGE,13,1,Edge Color Touch 4 Switch,4 Switch,4,zigbee,acrylic,13699,Available
Tactus Color EDGE,13,1,Edge Color Touch 4 Switch,4 Switch,4,zigbee,glass,14899,Available
Tactus Color EDGE,14,2,Edge Color Touch 4 Switch 1 Socket (6A) ( All 6A Switch ),4 Switch 1 Socket (6A) ( All 6A Switch ),4,remote,acrylic,8299,Available
Tactus Color EDGE,14,2,Edge Color Touch 4 Switch 1 Socket (6A) ( All 6A Switch ),4 Switch 1 Socket (6A) ( All 6A Switch ),4,remote,glass,9599,Available
Tactus Color EDGE,14,2,Edge Color Touch 4 Switch 1 Socket (6A) ( All 6A Switch ),4 Switch 1 Socket (6A) ( All 6A Switch ),4,wifi,acrylic,11099,Available
Tactus Color EDGE,14,2,Edge Color Touch 4 Switch 1 Socket (6A) ( All 6A Switch ),4 Switch 1 Socket (6A) ( All 6A Switch ),4,wifi,glass,12399,Available
Tactus Color EDGE,14,2,Edge Color Touch 4 Switch 1 Socket (6A) ( All 6A Switch ),4 Switch 1 Socket (6A) ( All 6A Switch ),4,zigbee,acrylic,13199,Available
Tactus Color EDGE,14,2,Edge Color Touch 4 Switch 1 Socket (6A) ( All 6A Switch ),4 Switch 1 Socket (6A) ( All 6A Switch ),4,zigbee,glass,14499,Available
Tactus Color EDGE,15,2,Edge Color Touch 4 Switch 1 Fan Regulator,4 Switch 1 Fan Regulator,4,remote,acrylic,11999,Available
Tactus Color EDGE,15,2,Edge Color Touch 4 Switch 1 Fan Regulator,4 Switch 1 Fan Regulator,4,remote,glass,13099,Available
Tactus Color EDGE,15,2,Edge Color Touch 4 Switch 1 Fan Regulator,4 Switch 1 Fan Regulator,4,wifi,acrylic,14799,Available
Tactus Color EDGE,15,2,Edge Color Touch 4 Switch 1 Fan Regulator,4 Switch 1 Fan Regulator,4,wifi,glass,15899,Available
Tactus Color EDGE,15,2,Edge Color Touch 4 Switch 1 Fan Regulator,4 Switch 1 Fan Regulator,4,zigbee,acrylic,16899,Available
Tactus Color EDGE,15,2,Edge Color Touch 4 Switch 1 Fan Regulator,4 Switch 1 Fan Regulator,4,zigbee,glass,18099,Available
Tactus Color EDGE,16,2,Edge Color Touch 6 Switch,6 Switch,4,remote,acrylic,10999,Available
Tactus Color EDGE,16,2,Edge Color Touch 6 Switch,6 Switch,4,remote,glass,12199,Available
Tactus Color EDGE,16,2,Edge Color Touch 6 Switch,6 Switch,4,wifi,acrylic,13799,Available
Tactus Color EDGE,16,2,Edge Color Touch 6 Switch,6 Switch,4,wifi,glass,14999,Available
Tactus Color EDGE,16,2,Edge Color Touch 6 Switch,6 Switch,4,zigbee,acrylic,15999,Available
Tactus Color EDGE,16,2,Edge Color Touch 6 Switch,6 Switch,4,zigbee,glass,17099,Available
Tactus Color EDGE,17,2,Edge Color Touch 2 Switch 2 Socket (6A),2 Switch 2 Socket (6A),6,remote,acrylic,7399,Available
Tactus Color EDGE,17,2,Edge Color Touch 2 Switch 2 Socket (6A),2 Switch 2 Socket (6A),6,remote,glass,9299,Available
Tactus Color EDGE,17,2,Edge Color Touch 2 Switch 2 Socket (6A),2 Switch 2 Socket (6A),6,wifi,acrylic,10199,Available
Tactus Color EDGE,17,2,Edge Color Touch 2 Switch 2 Socket (6A),2 Switch 2 Socket (6A),6,wifi,glass,12099,Available
Tactus Color EDGE,17,2,Edge Color Touch 2 Switch 2 Socket (6A),2 Switch 2 Socket (6A),6,zigbee,acrylic,12399,Available
Tactus Color EDGE,17,2,Edge Color Touch 2 Switch 2 Socket (6A),2 Switch 2 Socket (6A),6,zigbee,glass,14199,Available
Tactus Color EDGE,18,2,Edge Color Touch 2 Switch (1-16A) 2 Socket (1-16A),2 Switch (1-16A) 2 Socket (1-16A),6,remote,acrylic,7999,Available
Tactus Color EDGE,18,2,Edge Color Touch 2 Switch (1-16A) 2 Socket (1-16A),2 Switch (1-16A) 2 Socket (1-16A),6,remote,glass,9799,Available
Tactus Color EDGE,18,2,Edge Color Touch 2 Switch (1-16A) 2 Socket (1-16A),2 Switch (1-16A) 2 Socket (1-16A),6,wifi,acrylic,10799,Available
Tactus Color EDGE,18,2,Edge Color Touch 2 Switch (1-16A) 2 Socket (1-16A),2 Switch (1-16A) 2 Socket (1-16A),6,wifi,glass,12599,Available
Tactus Color EDGE,18,2,Edge Color Touch 2 Switch (1-16A) 2 Socket (1-16A),2 Switch (1-16A) 2 Socket (1-16A),6,zigbee,acrylic,12899,Available
Tactus Color EDGE,18,2,Edge Color Touch 2 Switch (1-16A) 2 Socket (1-16A),2 Switch (1-16A) 2 Socket (1-16A),6,zigbee,glass,14799,Available
Tactus Color EDGE,19,2,Edge Color Touch 2 Switch (2-16A) 2 Socket (2-16A),2 Switch (2-16A) 2 Socket (2-16A),6,remote,acrylic,8999,Available
Tactus Color EDGE,19,2,Edge Color Touch 2 Switch (2-16A) 2 Socket (2-16A),2 Switch (2-16A) 2 Socket (2-16A),6,remote,glass,10799,Available
Tactus Color EDGE,19,2,Edge Color Touch 2 Switch (2-16A) 2 Socket (2-16A),2 Switch (2-16A) 2 Socket (2-16A),6,wifi,acrylic,11799,Available
Tactus Color EDGE,19,2,Edge Color Touch 2 Switch (2-16A) 2 Socket (2-16A),2 Switch (2-16A) 2 Socket (2-16A),6,wifi,glass,13599,Available
Tactus Color EDGE,19,2,Edge Color Touch 2 Switch (2-16A) 2 Socket (2-16A),2 Switch (2-16A) 2 Socket (2-16A),6,zigbee,acrylic,13899,Available
Tactus Color EDGE,19,2,Edge Color Touch 2 Switch (2-16A) 2 Socket (2-16A),2 Switch (2-16A) 2 Socket (2-16A),6,zigbee,glass,15699,Available
Tactus Color EDGE,20,2,Edge Color Touch 4 Switch 2 Socket (6A) ( All 6A Switch ),4 Switch 2 Socket (6A) ( All 6A Switch ),6,remote,acrylic,9099,Available
Tactus Color EDGE,20,2,Edge Color Touch 4 Switch 2 Socket (6A) ( All 6A Switch ),4 Switch 2 Socket (6A) ( All 6A Switch ),6,remote,glass,10899,Available
Tactus Color EDGE,20,2,Edge Color Touch 4 Switch 2 Socket (6A) ( All 6A Switch ),4 Switch 2 Socket (6A) ( All 6A Switch ),6,wifi,acrylic,11899,Available
Tactus Color EDGE,20,2,Edge Color Touch 4 Switch 2 Socket (6A) ( All 6A Switch ),4 Switch 2 Socket (6A) ( All 6A Switch ),6,wifi,glass,13699,Available
Tactus Color EDGE,20,2,Edge Color Touch 4 Switch 2 Socket (6A) ( All 6A Switch ),4 Switch 2 Socket (6A) ( All 6A Switch ),6,zigbee,acrylic,13999,Available
Tactus Color EDGE,20,2,Edge Color Touch 4 Switch 2 Socket (6A) ( All 6A Switch ),4 Switch 2 Socket (6A) ( All 6A Switch ),6,zigbee,glass,15799,Available
Tactus Color EDGE,21,2,Edge Color Touch 4 Switch 1 Socket (6A),4 Switch 1 Socket (6A),6,remote,acrylic,9599,Available
Tactus Color EDGE,21,2,Edge Color Touch 4 Switch 1 Socket (6A),4 Switch 1 Socket (6A),6,remote,glass,11199,Available
Tactus Color EDGE,21,2,Edge Color Touch 4 Switch 1 Socket (6A),4 Switch 1 Socket (6A),6,wifi,acrylic,12399,Available
Tactus Color EDGE,21,2,Edge Color Touch 4 Switch 1 Socket (6A),4 Switch 1 Socket (6A),6,wifi,glass,13999,Available
Tactus Color EDGE,21,2,Edge Color Touch 4 Switch 1 Socket (6A),4 Switch 1 Socket (6A),6,zigbee,acrylic,14499,Available
Tactus Color EDGE,21,2,Edge Color Touch 4 Switch 1 Socket (6A),4 Switch 1 Socket (6A),6,zigbee,glass,16199,Available
Tactus Color EDGE,22,2,Edge Color Touch 6 Switch,6 Switch,6,remote,acrylic,11499,Available
Tactus Color EDGE,22,2,Edge Color Touch 6 Switch,6 Switch,6,remote,glass,12999,Available
Tactus Color EDGE,22,2,Edge Color Touch 6 Switch,6 Switch,6,wifi,acrylic,14299,Available
Tactus Color EDGE,22,2,Edge Color Touch 6 Switch,6 Switch,6,wifi,glass,15799,Available
Tactus Color EDGE,22,2,Edge Color Touch 6 Switch,6 Switch,6,zigbee,acrylic,16499,Available
Tactus Color EDGE,22,2,Edge Color Touch 6 Switch,6 Switch,6,zigbee,glass,17899,Available
Tactus Color EDGE,23,2,Edge Color Touch 8 Switch,8 Switch,6,remote,acrylic,13799,Available
Tactus Color EDGE,23,2,Edge Color Touch 8 Switch,8 Switch,6,remote,glass,15199,Available
Tactus Color EDGE,23,2,Edge Color Touch 8 Switch,8 Switch,6,wifi,acrylic,16599,Available
Tactus Color EDGE,23,2,Edge Color Touch 8 Switch,8 Switch,6,wifi,glass,17999,Available
Tactus Color EDGE,23,2,Edge Color Touch 8 Switch,8 Switch,6,zigbee,acrylic,18699,Available
Tactus Color EDGE,23,2,Edge Color Touch 8 Switch,8 Switch,6,zigbee,glass,20199,Available
Tactus Color EDGE,24,2,Edge Color Touch 6 Switch 1 Socket (6A),6 Switch 1 Socket (6A),6,remote,acrylic,11799,Available
Tactus Color EDGE,24,2,Edge Color Touch 6 Switch 1 Socket (6A),6 Switch 1 Socket (6A),6,remote,glass,13499,Available
Tactus Color EDGE,24,2,Edge Color Touch 6 Switch 1 Socket (6A),6 Switch 1 Socket (6A),6,wifi,acrylic,14599,Available
Tactus Color EDGE,24,2,Edge Color Touch 6 Switch 1 Socket (6A),6 Switch 1 Socket (6A),6,wifi,glass,16299,Available
Tactus Color EDGE,24,2,Edge Color Touch 6 Switch 1 Socket (6A),6 Switch 1 Socket (6A),6,zigbee,acrylic,16799,Available
Tactus Color EDGE,24,2,Edge Color Touch 6 Switch 1 Socket (6A),6 Switch 1 Socket (6A),6,zigbee,glass,18399,Available
Tactus Color EDGE,25,2,Edge Color Touch 4 Switch 1 Fan 1 Socket (6A),4 Switch 1 Fan 1 Socket (6A),6,remote,acrylic,12799,Available
Tactus Color EDGE,25,2,Edge Color Touch 4 Switch 1 Fan 1 Socket (6A),4 Switch 1 Fan 1 Socket (6A),6,remote,glass,14399,Available
Tactus Color EDGE,25,2,Edge Color Touch 4 Switch 1 Fan 1 Socket (6A),4 Switch 1 Fan 1 Socket (6A),6,wifi,acrylic,15599,Available
Tactus Color EDGE,25,2,Edge Color Touch 4 Switch 1 Fan 1 Socket (6A),4 Switch 1 Fan 1 Socket (6A),6,wifi,glass,17299,Available
Tactus Color EDGE,25,2,Edge Color Touch 4 Switch 1 Fan 1 Socket (6A),4 Switch 1 Fan 1 Socket (6A),6,zigbee,acrylic,17699,Available
Tactus Color EDGE,25,2,Edge Color Touch 4 Switch 1 Fan 1 Socket (6A),4 Switch 1 Fan 1 Socket (6A),6,zigbee,glass,19399,Available
Tactus Color EDGE,26,2,Edge Color Touch 4 Switch 1 Socket (16A),4 Switch 1 Socket (16A),6,remote,acrylic,9899,Available
Tactus Color EDGE,26,2,Edge Color Touch 4 Switch 1 Socket (16A),4 Switch 1 Socket (16A),6,remote,glass,11599,Available
Tactus Color EDGE,26,2,Edge Color Touch 4 Switch 1 Socket (16A),4 Switch 1 Socket (16A),6,wifi,acrylic,12699,Available
Tactus Color EDGE,26,2,Edge Color Touch 4 Switch 1 Socket (16A),4 Switch 1 Socket (16A),6,wifi,glass,14399,Available
Tactus Color EDGE,26,2,Edge Color Touch 4 Switch 1 Socket (16A),4 Switch 1 Socket (16A),6,zigbee,acrylic,14899,Available
Tactus Color EDGE,26,2,Edge Color Touch 4 Switch 1 Socket (16A),4 Switch 1 Socket (16A),6,zigbee,glass,16499,Available
Tactus Color EDGE,27,2,Edge Color Touch 6 Switch 1 Socket (16A),6 Switch 1 Socket (16A),6,remote,acrylic,12199,Available
Tactus Color EDGE,27,2,Edge Color Touch 6 Switch 1 Socket (16A),6 Switch 1 Socket (16A),6,remote,glass,13799,Available
Tactus Color EDGE,27,2,Edge Color Touch 6 Switch 1 Socket (16A),6 Switch 1 Socket (16A),6,wifi,acrylic,14999,Available
Tactus Color EDGE,27,2,Edge Color Touch 6 Switch 1 Socket (16A),6 Switch 1 Socket (16A),6,wifi,glass,16599,Available
Tactus Color EDGE,27,2,Edge Color Touch 6 Switch 1 Socket (16A),6 Switch 1 Socket (16A),6,zigbee,acrylic,17099,Available
Tactus Color EDGE,27,2,Edge Color Touch 6 Switch 1 Socket (16A),6 Switch 1 Socket (16A),6,zigbee,glass,18799,Available
Tactus Color EDGE,28,2,Edge Color Touch 4 Switch 1 Fan 1 Socket (16A),4 Switch 1 Fan 1 Socket (16A),6,remote,acrylic,13099,Available
Tactus Color EDGE,28,2,Edge Color Touch 4 Switch 1 Fan 1 Socket (16A),4 Switch 1 Fan 1 Socket (16A),6,remote,glass,14799,Available
Tactus Color EDGE,28,2,Edge Color Touch 4 Switch 1 Fan 1 Socket (16A),4 Switch 1 Fan 1 Socket (16A),6,wifi,acrylic,15899,Available
Tactus Color EDGE,28,2,Edge Color Touch 4 Switch 1 Fan 1 Socket (16A),4 Switch 1 Fan 1 Socket (16A),6,wifi,glass,17599,Available
Tactus Color EDGE,28,2,Edge Color Touch 4 Switch 1 Fan 1 Socket (16A),4 Switch 1 Fan 1 Socket (16A),6,zigbee,acrylic,18099,Available
Tactus Color EDGE,28,2,Edge Color Touch 4 Switch 1 Fan 1 Socket (16A),4 Switch 1 Fan 1 Socket (16A),6,zigbee,glass,19699,Available
Tactus Color EDGE,29,3,Edge Color Touch 6 Switch 1 Fan,6 Switch 1 Fan,6,remote,acrylic,14899,Available
Tactus Color EDGE,29,3,Edge Color Touch 6 Switch 1 Fan,6 Switch 1 Fan,6,remote,glass,16399,Available
Tactus Color EDGE,29,3,Edge Color Touch 6 Switch 1 Fan,6 Switch 1 Fan,6,wifi,acrylic,17699,Available
Tactus Color EDGE,29,3,Edge Color Touch 6 Switch 1 Fan,6 Switch 1 Fan,6,wifi,glass,19199,Available
Tactus Color EDGE,29,3,Edge Color Touch 6 Switch 1 Fan,6 Switch 1 Fan,6,zigbee,acrylic,19899,Available
Tactus Color EDGE,29,3,Edge Color Touch 6 Switch 1 Fan,6 Switch 1 Fan,6,zigbee,glass,21399,Available
Tactus Color EDGE,30,3,Edge Color Touch 4 Switch 2 Fan,4 Switch 2 Fan,6,remote,acrylic,15599,Available
Tactus Color EDGE,30,3,Edge Color Touch 4 Switch 2 Fan,4 Switch 2 Fan,6,remote,glass,17099,Available
Tactus Color EDGE,30,3,Edge Color Touch 4 Switch 2 Fan,4 Switch 2 Fan,6,wifi,acrylic,18399,Available
Tactus Color EDGE,30,3,Edge Color Touch 4 Switch 2 Fan,4 Switch 2 Fan,6,wifi,glass,19899,Available
Tactus Color EDGE,30,3,Edge Color Touch 4 Switch 2 Fan,4 Switch 2 Fan,6,zigbee,acrylic,20499,Available
Tactus Color EDGE,30,3,Edge Color Touch 4 Switch 2 Fan,4 Switch 2 Fan,6,zigbee,glass,21999,Available
Tactus Color EDGE,31,3,Edge Color Touch 2 Switch 2 Socket (6A),2 Switch 2 Socket (6A),8,remote,acrylic,8299,Available
Tactus Color EDGE,31,3,Edge Color Touch 2 Switch 2 Socket (6A),2 Switch 2 Socket (6A),8,remote,glass,10199,Available
Tactus Color EDGE,31,3,Edge Color Touch 2 Switch 2 Socket (6A),2 Switch 2 Socket (6A),8,wifi,acrylic,11099,Available
Tactus Color EDGE,31,3,Edge Color Touch 2 Switch 2 Socket (6A),2 Switch 2 Socket (6A),8,wifi,glass,12999,Available
Tactus Color EDGE,31,3,Edge Color Touch 2 Switch 2 Socket (6A),2 Switch 2 Socket (6A),8,zigbee,acrylic,13199,Available
Tactus Color EDGE,31,3,Edge Color Touch 2 Switch 2 Socket (6A),2 Switch 2 Socket (6A),8,zigbee,glass,15199,Available
Tactus Color EDGE,32,3,Edge Color Touch 2 Switch (1-16A) 2 Socket (1-16A),2 Switch (1-16A) 2 Socket (1-16A),8,remote,acrylic,8799,Available
Tactus Color EDGE,32,3,Edge Color Touch 2 Switch (1-16A) 2 Socket (1-16A),2 Switch (1-16A) 2 Socket (1-16A),8,remote,glass,10799,Available
Tactus Color EDGE,32,3,Edge Color Touch 2 Switch (1-16A) 2 Socket (1-16A),2 Switch (1-16A) 2 Socket (1-16A),8,wifi,acrylic,11599,Available
Tactus Color EDGE,32,3,Edge Color Touch 2 Switch (1-16A) 2 Socket (1-16A),2 Switch (1-16A) 2 Socket (1-16A),8,wifi,glass,13599,Available
Tactus Color EDGE,32,3,Edge Color Touch 2 Switch (1-16A) 2 Socket (1-16A),2 Switch (1-16A) 2 Socket (1-16A),8,zigbee,acrylic,13699,Available
Tactus Color EDGE,32,3,Edge Color Touch 2 Switch (1-16A) 2 Socket (1-16A),2 Switch (1-16A) 2 Socket (1-16A),8,zigbee,glass,15699,Available
Tactus Color EDGE,33,3,Edge Color Touch 2 Switch (2-16A) 2 Socket (2-16A),2 Switch (2-16A) 2 Socket (2-16A),8,remote,acrylic,9799,Available
Tactus Color EDGE,33,3,Edge Color Touch 2 Switch (2-16A) 2 Socket (2-16A),2 Switch (2-16A) 2 Socket (2-16A),8,remote,glass,11699,Available
Tactus Color EDGE,33,3,Edge Color Touch 2 Switch (2-16A) 2 Socket (2-16A),2 Switch (2-16A) 2 Socket (2-16A),8,wifi,acrylic,12599,Available
Tactus Color EDGE,33,3,Edge Color Touch 2 Switch (2-16A) 2 Socket (2-16A),2 Switch (2-16A) 2 Socket (2-16A),8,wifi,glass,14599,Available
Tactus Color EDGE,33,3,Edge Color Touch 2 Switch (2-16A) 2 Socket (2-16A),2 Switch (2-16A) 2 Socket (2-16A),8,zigbee,acrylic,14699,Available
Tactus Color EDGE,33,3,Edge Color Touch 2 Switch (2-16A) 2 Socket (2-16A),2 Switch (2-16A) 2 Socket (2-16A),8,zigbee,glass,16699,Available
Tactus Color EDGE,34,3,Edge Color Touch 2 Switch (1-16A) 3 Socket (6A) ( Only Available in Acrylic ),2 Switch (1-16A) 3 Socket (6A),8,remote,acrylic,8799,Available
Tactus Color EDGE,34,3,Edge Color Touch 2 Switch (1-16A) 3 Socket (6A) ( Only Available in Acrylic ),2 Switch (1-16A) 3 Socket (6A),8,wifi,acrylic,11599,Available
Tactus Color EDGE,34,3,Edge Color Touch 2 Switch (1-16A) 3 Socket (6A) ( Only Available in Acrylic ),2 Switch (1-16A) 3 Socket (6A),8,zigbee,acrylic,13699,Available
Tactus Color EDGE,35,3,Edge Color Touch 6 Switch 1 Fan,6 Switch 1 Fan,8,remote,acrylic,15699,Available
Tactus Color EDGE,35,3,Edge Color Touch 6 Switch 1 Fan,6 Switch 1 Fan,8,remote,glass,17399,Available
Tactus Color EDGE,35,3,Edge Color Touch 6 Switch 1 Fan,6 Switch 1 Fan,8,wifi,acrylic,18499,Available
Tactus Color EDGE,35,3,Edge Color Touch 6 Switch 1 Fan,6 Switch 1 Fan,8,wifi,glass,20199,Available
Tactus Color EDGE,35,3,Edge Color Touch 6 Switch 1 Fan,6 Switch 1 Fan,8,zigbee,acrylic,20699,Available
Tactus Color EDGE,35,3,Edge Color Touch 6 Switch 1 Fan,6 Switch 1 Fan,8,zigbee,glass,22299,Available
Tactus Color EDGE,36,3,Edge Color Touch 8 Switch,8 Switch,8,remote,acrylic,14599,Available
Tactus Color EDGE,36,3,Edge Color Touch 8 Switch,8 Switch,8,remote,glass,16199,Available
Tactus Color EDGE,36,3,Edge Color Touch 8 Switch,8 Switch,8,wifi,acrylic,17399,Available
Tactus Color EDGE,36,3,Edge Color Touch 8 Switch,8 Switch,8,wifi,glass,18999,Available
Tactus Color EDGE,36,3,Edge Color Touch 8 Switch,8 Switch,8,zigbee,acrylic,19499,Available
Tactus Color EDGE,36,3,Edge Color Touch 8 Switch,8 Switch,8,zigbee,glass,21199,Available
Tactus Color EDGE,37,3,Edge Color Touch 4 Switch 1 Socket (6A),4 Switch 1 Socket (6A),8,remote,acrylic,10399,Available
Tactus Color EDGE,37,3,Edge Color Touch 4 Switch 1 Socket (6A),4 Switch 1 Socket (6A),8,remote,glass,12199,Available
Tactus Color EDGE,37,3,Edge Color Touch 4 Switch 1 Socket (6A),4 Switch 1 Socket (6A),8,wifi,acrylic,13199,Available
Tactus Color EDGE,37,3,Edge Color Touch 4 Switch 1 Socket (6A),4 Switch 1 Socket (6A),8,wifi,glass,14999,Available
Tactus Color EDGE,37,3,Edge Color Touch 4 Switch 1 Socket (6A),4 Switch 1 Socket (6A),8,zigbee,acrylic,15299,Available
Tactus Color EDGE,37,3,Edge Color Touch 4 Switch 1 Socket (6A),4 Switch 1 Socket (6A),8,zigbee,glass,17199,Available
Tactus Color EDGE,38,3,Edge Color Touch 4 Switch 1 Fan 1 Socket (6A),4 Switch 1 Fan 1 Socket (6A),8,remote,acrylic,13599,Available
Tactus Color EDGE,38,3,Edge Color Touch 4 Switch 1 Fan 1 Socket (6A),4 Switch 1 Fan 1 Socket (6A),8,remote,glass,15399,Available
Tactus Color EDGE,38,3,Edge Color Touch 4 Switch 1 Fan 1 Socket (6A),4 Switch 1 Fan 1 Socket (6A),8,wifi,acrylic,16399,Available
Tactus Color EDGE,38,3,Edge Color Touch 4 Switch 1 Fan 1 Socket (6A),4 Switch 1 Fan 1 Socket (6A),8,wifi,glass,18199,Available
Tactus Color EDGE,38,3,Edge Color Touch 4 Switch 1 Fan 1 Socket (6A),4 Switch 1 Fan 1 Socket (6A),8,zigbee,acrylic,18599,Available
Tactus Color EDGE,38,3,Edge Color Touch 4 Switch 1 Fan 1 Socket (6A),4 Switch 1 Fan 1 Socket (6A),8,zigbee,glass,20399,Available
Tactus Color EDGE,39,3,Edge Color Touch 6 Switch 1 Fan 1 Socket (6A),6 Switch 1 Fan 1 Socket (6A),8,remote,acrylic,16099,Available
Tactus Color EDGE,39,3,Edge Color Touch 6 Switch 1 Fan 1 Socket (6A),6 Switch 1 Fan 1 Socket (6A),8,remote,glass,17899,Available
Tactus Color EDGE,39,3,Edge Color Touch 6 Switch 1 Fan 1 Socket (6A),6 Switch 1 Fan 1 Socket (6A),8,wifi,acrylic,18899,Available
Tactus Color EDGE,39,3,Edge Color Touch 6 Switch 1 Fan 1 Socket (6A),6 Switch 1 Fan 1 Socket (6A),8,wifi,glass,20699,Available
Tactus Color EDGE,39,3,Edge Color Touch 6 Switch 1 Fan 1 Socket (6A),6 Switch 1 Fan 1 Socket (6A),8,zigbee,acrylic,20999,Available
Tactus Color EDGE,39,3,Edge Color Touch 6 Switch 1 Fan 1 Socket (6A),6 Switch 1 Fan 1 Socket (6A),8,zigbee,glass,22799,Available
Tactus Color EDGE,40,3,Edge Color Touch 6 Switch 1 Socket (6A),6 Switch 1 Socket (6A),8,remote,acrylic,12599,Available
Tactus Color EDGE,40,3,Edge Color Touch 6 Switch 1 Socket (6A),6 Switch 1 Socket (6A),8,remote,glass,14499,Available
Tactus Color EDGE,40,3,Edge Color Touch 6 Switch 1 Socket (6A),6 Switch 1 Socket (6A),8,wifi,acrylic,15399,Available
Tactus Color EDGE,40,3,Edge Color Touch 6 Switch 1 Socket (6A),6 Switch 1 Socket (6A),8,wifi,glass,17299,Available
Tactus Color EDGE,40,3,Edge Color Touch 6 Switch 1 Socket (6A),6 Switch 1 Socket (6A),8,zigbee,acrylic,17599,Available
Tactus Color EDGE,40,3,Edge Color Touch 6 Switch 1 Socket (6A),6 Switch 1 Socket (6A),8,zigbee,glass,19399,Available
Tactus Color EDGE,41,3,Edge Color Touch 8 Switch 1 Socket (6A),8 Switch 1 Socket (6A),8,remote,acrylic,14899,Available
Tactus Color EDGE,41,3,Edge Color Touch 8 Switch 1 Socket (6A),8 Switch 1 Socket (6A),8,remote,glass,16699,Available
Tactus Color EDGE,41,3,Edge Color Touch 8 Switch 1 Socket (6A),8 Switch 1 Socket (6A),8,wifi,acrylic,17699,Available
Tactus Color EDGE,41,3,Edge Color Touch 8 Switch 1 Socket (6A),8 Switch 1 Socket (6A),8,wifi,glass,19499,Available
Tactus Color EDGE,41,3,Edge Color Touch 8 Switch 1 Socket (6A),8 Switch 1 Socket (6A),8,zigbee,acrylic,19799,Available
Tactus Color EDGE,41,3,Edge Color Touch 8 Switch 1 Socket (6A),8 Switch 1 Socket (6A),8,zigbee,glass,21699,Available
Tactus Color EDGE,42,3,Edge Color Touch 4 Switch 2 Fan 1 Socket (6A),4 Switch 2 Fan 1 Socket (6A),8,remote,acrylic,16699,Available
Tactus Color EDGE,42,3,Edge Color Touch 4 Switch 2 Fan 1 Socket (6A),4 Switch 2 Fan 1 Socket (6A),8,remote,glass,18499,Available
Tactus Color EDGE,42,3,Edge Color Touch 4 Switch 2 Fan 1 Socket (6A),4 Switch 2 Fan 1 Socket (6A),8,wifi,acrylic,19499,Available
Tactus Color EDGE,42,3,Edge Color Touch 4 Switch 2 Fan 1 Socket (6A),4 Switch 2 Fan 1 Socket (6A),8,wifi,glass,21399,Available
Tactus Color EDGE,42,3,Edge Color Touch 4 Switch 2 Fan 1 Socket (6A),4 Switch 2 Fan 1 Socket (6A),8,zigbee,acrylic,21699,Available
Tactus Color EDGE,42,3,Edge Color Touch 4 Switch 2 Fan 1 Socket (6A),4 Switch 2 Fan 1 Socket (6A),8,zigbee,glass,23499,Available
Tactus Color EDGE,43,3,Edge Color Touch 6 Switch 1 Fan 1 Socket (16A),6 Switch 1 Fan 1 Socket (16A),8,remote,acrylic,16399,Available
Tactus Color EDGE,43,3,Edge Color Touch 6 Switch 1 Fan 1 Socket (16A),6 Switch 1 Fan 1 Socket (16A),8,remote,glass,18199,Available
Tactus Color EDGE,43,3,Edge Color Touch 6 Switch 1 Fan 1 Socket (16A),6 Switch 1 Fan 1 Socket (16A),8,wifi,acrylic,19199,Available
Tactus Color EDGE,43,3,Edge Color Touch 6 Switch 1 Fan 1 Socket (16A),6 Switch 1 Fan 1 Socket (16A),8,wifi,glass,20999,Available
Tactus Color EDGE,43,3,Edge Color Touch 6 Switch 1 Fan 1 Socket (16A),6 Switch 1 Fan 1 Socket (16A),8,zigbee,acrylic,21399,Available
Tactus Color EDGE,43,3,Edge Color Touch 6 Switch 1 Fan 1 Socket (16A),6 Switch 1 Fan 1 Socket (16A),8,zigbee,glass,23199,Available
Tactus Color EDGE,44,4,Edge Color Touch 8 Switch 1 Socket (16A),8 Switch 1 Socket (16A),8,remote,acrylic,15199,Available
Tactus Color EDGE,44,4,Edge Color Touch 8 Switch 1 Socket (16A),8 Switch 1 Socket (16A),8,remote,glass,16999,Available
Tactus Color EDGE,44,4,Edge Color Touch 8 Switch 1 Socket (16A),8 Switch 1 Socket (16A),8,wifi,acrylic,17999,Available
Tactus Color EDGE,44,4,Edge Color Touch 8 Switch 1 Socket (16A),8 Switch 1 Socket (16A),8,wifi,glass,19799,Available
Tactus Color EDGE,44,4,Edge Color Touch 8 Switch 1 Socket (16A),8 Switch 1 Socket (16A),8,zigbee,acrylic,20199,Available
Tactus Color EDGE,44,4,Edge Color Touch 8 Switch 1 Socket (16A),8 Switch 1 Socket (16A),8,zigbee,glass,21999,Available
Tactus Color EDGE,45,4,Edge Color Touch 4 Switch 2 Fan 1 Socket (16A),4 Switch 2 Fan 1 Socket (16A),8,remote,acrylic,17099,Available
Tactus Color EDGE,45,4,Edge Color Touch 4 Switch 2 Fan 1 Socket (16A),4 Switch 2 Fan 1 Socket (16A),8,remote,glass,18899,Available
Tactus Color EDGE,45,4,Edge Color Touch 4 Switch 2 Fan 1 Socket (16A),4 Switch 2 Fan 1 Socket (16A),8,wifi,acrylic,19899,Available
Tactus Color EDGE,45,4,Edge Color Touch 4 Switch 2 Fan 1 Socket (16A),4 Switch 2 Fan 1 Socket (16A),8,wifi,glass,21699,Available
Tactus Color EDGE,45,4,Edge Color Touch 4 Switch 2 Fan 1 Socket (16A),4 Switch 2 Fan 1 Socket (16A),8,zigbee,acrylic,21999,Available
Tactus Color EDGE,45,4,Edge Color Touch 4 Switch 2 Fan 1 Socket (16A),4 Switch 2 Fan 1 Socket (16A),8,zigbee,glass,23799,Available
Tactus Color EDGE,46,4,Edge Color Touch 4 Switch 2 Socket (6A),4 Switch 2 Socket (6A),8,remote,acrylic,10699,Available
Tactus Color EDGE,46,4,Edge Color Touch 4 Switch 2 Socket (6A),4 Switch 2 Socket (6A),8,remote,glass,12699,Available
Tactus Color EDGE,46,4,Edge Color Touch 4 Switch 2 Socket (6A),4 Switch 2 Socket (6A),8,wifi,acrylic,13499,Available
Tactus Color EDGE,46,4,Edge Color Touch 4 Switch 2 Socket (6A),4 Switch 2 Socket (6A),8,wifi,glass,15499,Available
Tactus Color EDGE,46,4,Edge Color Touch 4 Switch 2 Socket (6A),4 Switch 2 Socket (6A),8,zigbee,acrylic,15699,Available
Tactus Color EDGE,46,4,Edge Color Touch 4 Switch 2 Socket (6A),4 Switch 2 Socket (6A),8,zigbee,glass,17599,Available
Tactus Color EDGE,47,4,Edge Color Touch 6 Switch 2 Socket (6A),6 Switch 2 Socket (6A),8,remote,acrylic,12999,Available
Tactus Color EDGE,47,4,Edge Color Touch 6 Switch 2 Socket (6A),6 Switch 2 Socket (6A),8,remote,glass,14899,Available
Tactus Color EDGE,47,4,Edge Color Touch 6 Switch 2 Socket (6A),6 Switch 2 Socket (6A),8,wifi,acrylic,15799,Available
Tactus Color EDGE,47,4,Edge Color Touch 6 Switch 2 Socket (6A),6 Switch 2 Socket (6A),8,wifi,glass,17799,Available
Tactus Color EDGE,47,4,Edge Color Touch 6 Switch 2 Socket (6A),6 Switch 2 Socket (6A),8,zigbee,acrylic,17899,Available
Tactus Color EDGE,47,4,Edge Color Touch 6 Switch 2 Socket (6A),6 Switch 2 Socket (6A),8,zigbee,glass,19899,Available
Tactus Color EDGE,48,4,Edge Color Touch 4 Switch (4-16A) 2 Socket (16A),4 Switch (4-16A) 2 Socket (16A),8,remote,acrylic,13999,Available
Tactus Color EDGE,48,4,Edge Color Touch 4 Switch (4-16A) 2 Socket (16A),4 Switch (4-16A) 2 Socket (16A),8,remote,glass,15899,Available
Tactus Color EDGE,48,4,Edge Color Touch 4 Switch (4-16A) 2 Socket (16A),4 Switch (4-16A) 2 Socket (16A),8,wifi,acrylic,16799,Available
Tactus Color EDGE,48,4,Edge Color Touch 4 Switch (4-16A) 2 Socket (16A),4 Switch (4-16A) 2 Socket (16A),8,wifi,glass,18699,Available
Tactus Color EDGE,48,4,Edge Color Touch 4 Switch (4-16A) 2 Socket (16A),4 Switch (4-16A) 2 Socket (16A),8,zigbee,acrylic,18899,Available
Tactus Color EDGE,48,4,Edge Color Touch 4 Switch (4-16A) 2 Socket (16A),4 Switch (4-16A) 2 Socket (16A),8,zigbee,glass,20899,Available
Tactus Color EDGE,49,4,Edge Color Touch 10 Switch,10 Switch,8,remote,acrylic,16899,Available
Tactus Color EDGE,49,4,Edge Color Touch 10 Switch,10 Switch,8,remote,glass,18499,Available
Tactus Color EDGE,49,4,Edge Color Touch 10 Switch,10 Switch,8,wifi,acrylic,19699,Available
Tactus Color EDGE,49,4,Edge Color Touch 10 Switch,10 Switch,8,wifi,glass,21299,Available
Tactus Color EDGE,49,4,Edge Color Touch 10 Switch,10 Switch,8,zigbee,acrylic,21799,Available
Tactus Color EDGE,49,4,Edge Color Touch 10 Switch,10 Switch,8,zigbee,glass,23499,Available
Tactus Color EDGE,50,4,Edge Color Touch 6 Switch 2 Fan,6 Switch 2 Fan,8,remote,acrylic,18899,Available
Tactus Color EDGE,50,4,Edge Color Touch 6 Switch 2 Fan,6 Switch 2 Fan,8,remote,glass,20499,Available
Tactus Color EDGE,50,4,Edge Color Touch 6 Switch 2 Fan,6 Switch 2 Fan,8,wifi,acrylic,21699,Available
Tactus Color EDGE,50,4,Edge Color Touch 6 Switch 2 Fan,6 Switch 2 Fan,8,wifi,glass,23299,Available
Tactus Color EDGE,50,4,Edge Color Touch 6 Switch 2 Fan,6 Switch 2 Fan,8,zigbee,acrylic,23799,Available
Tactus Color EDGE,50,4,Edge Color Touch 6 Switch 2 Fan,6 Switch 2 Fan,8,zigbee,glass,25499,Available
Tactus Color EDGE,51,4,Edge Color Touch 8 Switch 1 Fan,8 Switch 1 Fan,8,remote,acrylic,18199,Available
Tactus Color EDGE,51,4,Edge Color Touch 8 Switch 1 Fan,8 Switch 1 Fan,8,remote,glass,19899,Available
Tactus Color EDGE,51,4,Edge Color Touch 8 Switch 1 Fan,8 Switch 1 Fan,8,wifi,acrylic,20999,Available
Tactus Color EDGE,51,4,Edge Color Touch 8 Switch 1 Fan,8 Switch 1 Fan,8,wifi,glass,22699,Available
Tactus Color EDGE,51,4,Edge Color Touch 8 Switch 1 Fan,8 Switch 1 Fan,8,zigbee,acrylic,23199,Available
Tactus Color EDGE,51,4,Edge Color Touch 8 Switch 1 Fan,8 Switch 1 Fan,8,zigbee,glass,24799,Available
Tactus Color EDGE,52,4,Edge Color Touch 4 Switch 1 Fan 1 Socket (6A) ( Only Available in Acrylic ),4 Switch 1 Fan 1 Socket (6A),12,remote,acrylic,14899,Available
Tactus Color EDGE,52,4,Edge Color Touch 4 Switch 1 Fan 1 Socket (6A) ( Only Available in Acrylic ),4 Switch 1 Fan 1 Socket (6A),12,wifi,acrylic,17699,Available
Tactus Color EDGE,52,4,Edge Color Touch 4 Switch 1 Fan 1 Socket (6A) ( Only Available in Acrylic ),4 Switch 1 Fan 1 Socket (6A),12,zigbee,acrylic,19799,Available
Tactus Color EDGE,53,4,Edge Color Touch 4 Switch 1 Fan 2 Socket (6A),4 Switch 1 Fan 2 Socket (6A),12,remote,acrylic,15199,Available
Tactus Color EDGE,53,4,Edge Color Touch 4 Switch 1 Fan 2 Socket (6A),4 Switch 1 Fan 2 Socket (6A),12,remote,glass,17999,Available
Tactus Color EDGE,53,4,Edge Color Touch 4 Switch 1 Fan 2 Socket (6A),4 Switch 1 Fan 2 Socket (6A),12,wifi,acrylic,17999,Available
Tactus Color EDGE,53,4,Edge Color Touch 4 Switch 1 Fan 2 Socket (6A),4 Switch 1 Fan 2 Socket (6A),12,wifi,glass,20799,Available
Tactus Color EDGE,53,4,Edge Color Touch 4 Switch 1 Fan 2 Socket (6A),4 Switch 1 Fan 2 Socket (6A),12,zigbee,acrylic,20099,Available
Tactus Color EDGE,53,4,Edge Color Touch 4 Switch 1 Fan 2 Socket (6A),4 Switch 1 Fan 2 Socket (6A),12,zigbee,glass,22899,Available
Tactus Color EDGE,54,4,Edge Color Touch 6 Switch 1 Fan 1 Socket (6A) ( Only Available in Acrylic ),6 Switch 1 Fan 1 Socket (6A),12,remote,acrylic,17299,Available
Tactus Color EDGE,54,4,Edge Color Touch 6 Switch 1 Fan 1 Socket (6A) ( Only Available in Acrylic ),6 Switch 1 Fan 1 Socket (6A),12,wifi,acrylic,20099,Available
Tactus Color EDGE,54,4,Edge Color Touch 6 Switch 1 Fan 1 Socket (6A) ( Only Available in Acrylic ),6 Switch 1 Fan 1 Socket (6A),12,zigbee,acrylic,22299,Available
Tactus Color EDGE,55,4,Edge Color Touch 6 Switch 1 Fan 2 Socket (6A),6 Switch 1 Fan 2 Socket (6A),12,remote,acrylic,17699,Available
Tactus Color EDGE,55,4,Edge Color Touch 6 Switch 1 Fan 2 Socket (6A),6 Switch 1 Fan 2 Socket (6A),12,remote,glass,20499,Available
Tactus Color EDGE,55,4,Edge Color Touch 6 Switch 1 Fan 2 Socket (6A),6 Switch 1 Fan 2 Socket (6A),12,wifi,acrylic,20499,Available
Tactus Color EDGE,55,4,Edge Color Touch 6 Switch 1 Fan 2 Socket (6A),6 Switch 1 Fan 2 Socket (6A),12,wifi,glass,23299,Available
Tactus Color EDGE,55,4,Edge Color Touch 6 Switch 1 Fan 2 Socket (6A),6 Switch 1 Fan 2 Socket (6A),12,zigbee,acrylic,22599,Available
Tactus Color EDGE,55,4,Edge Color Touch 6 Switch 1 Fan 2 Socket (6A),6 Switch 1 Fan 2 Socket (6A),12,zigbee,glass,25399,Available
Tactus Color EDGE,56,4,Edge Color Touch 8 Switch 1 Fan 1 Socket (6A) ( Only Available in Acrylic ),8 Switch 1 Fan 1 Socket (6A),12,remote,acrylic,21999,Available
Tactus Color EDGE,56,4,Edge Color Touch 8 Switch 1 Fan 1 Socket (6A) ( Only Available in Acrylic ),8 Switch 1 Fan 1 Socket (6A),12,wifi,acrylic,27699,Available
Tactus Color EDGE,56,4,Edge Color Touch 8 Switch 1 Fan 1 Socket (6A) ( Only Available in Acrylic ),8 Switch 1 Fan 1 Socket (6A),12,zigbee,acrylic,31899,Available
Tactus Color EDGE,57,5,Edge Color Touch 8 Switch 1 Fan 2 Socket (6A),8 Switch 1 Fan 2 Socket (6A),12,remote,acrylic,22399,Available
Tactus Color EDGE,57,5,Edge Color Touch 8 Switch 1 Fan 2 Socket (6A),8 Switch 1 Fan 2 Socket (6A),12,remote,glass,25199,Available
Tactus Color EDGE,57,5,Edge Color Touch 8 Switch 1 Fan 2 Socket (6A),8 Switch 1 Fan 2 Socket (6A),12,wifi,acrylic,27999,Available
Tactus Color EDGE,57,5,Edge Color Touch 8 Switch 1 Fan 2 Socket (6A),8 Switch 1 Fan 2 Socket (6A),12,wifi,glass,30799,Available
Tactus Color EDGE,57,5,Edge Color Touch 8 Switch 1 Fan 2 Socket (6A),8 Switch 1 Fan 2 Socket (6A),12,zigbee,acrylic,32299,Available
Tactus Color EDGE,57,5,Edge Color Touch 8 Switch 1 Fan 2 Socket (6A),8 Switch 1 Fan 2 Socket (6A),12,zigbee,glass,35099,Available
Tactus Color EDGE,58,5,Edge Color Touch 10 Switch 1 Fan 2 Socket (6A),10 Switch 1 Fan 2 Socket (6A),12,remote,acrylic,24599,Available
Tactus Color EDGE,58,5,Edge Color Touch 10 Switch 1 Fan 2 Socket (6A),10 Switch 1 Fan 2 Socket (6A),12,remote,glass,27399,Available
Tactus Color EDGE,58,5,Edge Color Touch 10 Switch 1 Fan 2 Socket (6A),10 Switch 1 Fan 2 Socket (6A),12,wifi,acrylic,30199,Available
Tactus Color EDGE,58,5,Edge Color Touch 10 Switch 1 Fan 2 Socket (6A),10 Switch 1 Fan 2 Socket (6A),12,wifi,glass,32999,Available
Tactus Color EDGE,58,5,Edge Color Touch 10 Switch 1 Fan 2 Socket (6A),10 Switch 1 Fan 2 Socket (6A),12,zigbee,acrylic,34499,Available
Tactus Color EDGE,58,5,Edge Color Touch 10 Switch 1 Fan 2 Socket (6A),10 Switch 1 Fan 2 Socket (6A),12,zigbee,glass,37299,Available
Tactus Color EDGE,59,5,Edge Color Touch 8 Switch 2 Fan 2 Socket (6A),8 Switch 2 Fan 2 Socket (6A),12,remote,acrylic,25599,Available
Tactus Color EDGE,59,5,Edge Color Touch 8 Switch 2 Fan 2 Socket (6A),8 Switch 2 Fan 2 Socket (6A),12,remote,glass,28399,Available
Tactus Color EDGE,59,5,Edge Color Touch 8 Switch 2 Fan 2 Socket (6A),8 Switch 2 Fan 2 Socket (6A),12,wifi,acrylic,31199,Available
Tactus Color EDGE,59,5,Edge Color Touch 8 Switch 2 Fan 2 Socket (6A),8 Switch 2 Fan 2 Socket (6A),12,wifi,glass,33999,Available
Tactus Color EDGE,59,5,Edge Color Touch 8 Switch 2 Fan 2 Socket (6A),8 Switch 2 Fan 2 Socket (6A),12,zigbee,acrylic,35499,Available
Tactus Color EDGE,59,5,Edge Color Touch 8 Switch 2 Fan 2 Socket (6A),8 Switch 2 Fan 2 Socket (6A),12,zigbee,glass,38299,Available
Tactus Color EDGE,60,5,Edge Color Touch 8 Switch 2 Fan,8 Switch 2 Fan,12,remote,acrylic,24899,Available
Tactus Color EDGE,60,5,Edge Color Touch 8 Switch 2 Fan,8 Switch 2 Fan,12,remote,glass,27399,Available
Tactus Color EDGE,60,5,Edge Color Touch 8 Switch 2 Fan,8 Switch 2 Fan,12,wifi,acrylic,30499,Available
Tactus Color EDGE,60,5,Edge Color Touch 8 Switch 2 Fan,8 Switch 2 Fan,12,wifi,glass,32999,Available
Tactus Color EDGE,60,5,Edge Color Touch 8 Switch 2 Fan,8 Switch 2 Fan,12,zigbee,acrylic,34799,Available
Tactus Color EDGE,60,5,Edge Color Touch 8 Switch 2 Fan,8 Switch 2 Fan,12,zigbee,glass,37299,Available
Tactus Color EDGE,61,5,Edge Color Touch 12 Switch 2 Fan,12 Switch 2 Fan,12,remote,acrylic,29899,Available
Tactus Color EDGE,61,5,Edge Color Touch 12 Switch 2 Fan,12 Switch 2 Fan,12,remote,glass,32299,Available
Tactus Color EDGE,61,5,Edge Color Touch 12 Switch 2 Fan,12 Switch 2 Fan,12,wifi,acrylic,35499,Available
Tactus Color EDGE,61,5,Edge Color Touch 12 Switch 2 Fan,12 Switch 2 Fan,12,wifi,glass,37999,Available
Tactus Color EDGE,61,5,Edge Color Touch 12 Switch 2 Fan,12 Switch 2 Fan,12,zigbee,acrylic,39799,Available
Tactus Color EDGE,61,5,Edge Color Touch 12 Switch 2 Fan,12 Switch 2 Fan,12,zigbee,glass,42199,Available
Tactus Color EDGE,62,5,Edge Color Touch 12 Switch,12 Switch,12,remote,acrylic,22999,Available
Tactus Color EDGE,62,5,Edge Color Touch 12 Switch,12 Switch,12,remote,glass,25499,Available
Tactus Color EDGE,62,5,Edge Color Touch 12 Switch,12 Switch,12,wifi,acrylic,28599,Available
Tactus Color EDGE,62,5,Edge Color Touch 12 Switch,12 Switch,12,wifi,glass,31099,Available
Tactus Color EDGE,62,5,Edge Color Touch 12 Switch,12 Switch,12,zigbee,acrylic,32899,Available
Tactus Color EDGE,62,5,Edge Color Touch 12 Switch,12 Switch,12,zigbee,glass,35399,Available
Tactus Color EDGE,63,5,Edge Color Touch 12 Switch 2 Socket (6A),12 Switch 2 Socket (6A),12,remote,acrylic,23699,Available
Tactus Color EDGE,63,5,Edge Color Touch 12 Switch 2 Socket (6A),12 Switch 2 Socket (6A),12,remote,glass,26499,Available
Tactus Color EDGE,63,5,Edge Color Touch 12 Switch 2 Socket (6A),12 Switch 2 Socket (6A),12,wifi,acrylic,29299,Available
Tactus Color EDGE,63,5,Edge Color Touch 12 Switch 2 Socket (6A),12 Switch 2 Socket (6A),12,wifi,glass,32099,Available
Tactus Color EDGE,63,5,Edge Color Touch 12 Switch 2 Socket (6A),12 Switch 2 Socket (6A),12,zigbee,acrylic,33599,Available
Tactus Color EDGE,63,5,Edge Color Touch 12 Switch 2 Socket (6A),12 Switch 2 Socket (6A),12,zigbee,glass,36399,Available
Tactus Color EDGE,64,5,Edge Color Touch 8 Switch 1 Socket (6A) ( Only Available in Acrylic ),8 Switch 1 Socket (6A),12,remote,acrylic,16099,Available
Tactus Color EDGE,64,5,Edge Color Touch 8 Switch 1 Socket (6A) ( Only Available in Acrylic ),8 Switch 1 Socket (6A),12,wifi,acrylic,18999,Available
Tactus Color EDGE,64,5,Edge Color Touch 8 Switch 1 Socket (6A) ( Only Available in Acrylic ),8 Switch 1 Socket (6A),12,zigbee,acrylic,21099,Available
Tactus Color EDGE,65,5,Edge Color Touch 8 Switch 2 Socket (6A),8 Switch 2 Socket (6A),12,remote,acrylic,16499,Available
Tactus Color EDGE,65,5,Edge Color Touch 8 Switch 2 Socket (6A),8 Switch 2 Socket (6A),12,remote,glass,19299,Available
Tactus Color EDGE,65,5,Edge Color Touch 8 Switch 2 Socket (6A),8 Switch 2 Socket (6A),12,wifi,acrylic,19299,Available
Tactus Color EDGE,65,5,Edge Color Touch 8 Switch 2 Socket (6A),8 Switch 2 Socket (6A),12,wifi,glass,22099,Available
Tactus Color EDGE,65,5,Edge Color Touch 8 Switch 2 Socket (6A),8 Switch 2 Socket (6A),12,zigbee,acrylic,21399,Available
Tactus Color EDGE,65,5,Edge Color Touch 8 Switch 2 Socket (6A),8 Switch 2 Socket (6A),12,zigbee,glass,24199,Available
Tactus Color EDGE,66,5,Edge Color Touch 10 Switch 2 Socket (6A),10 Switch 2 Socket (6A),12,remote,acrylic,21199,Available
Tactus Color EDGE,66,5,Edge Color Touch 10 Switch 2 Socket (6A),10 Switch 2 Socket (6A),12,remote,glass,23999,Available
Tactus Color EDGE,66,5,Edge Color Touch 10 Switch 2 Socket (6A),10 Switch 2 Socket (6A),12,wifi,acrylic,26799,Available
Tactus Color EDGE,66,5,Edge Color Touch 10 Switch 2 Socket (6A),10 Switch 2 Socket (6A),12,wifi,glass,29599,Available
Tactus Color EDGE,66,5,Edge Color Touch 10 Switch 2 Socket (6A),10 Switch 2 Socket (6A),12,zigbee,acrylic,31099,Available
Tactus Color EDGE,66,5,Edge Color Touch 10 Switch 2 Socket (6A),10 Switch 2 Socket (6A),12,zigbee,glass,33899,Available
Tactus Color EDGE,67,6,Edge Color Touch 16 Switch,16 Switch,12,remote,acrylic,27499,Available
Tactus Color EDGE,67,6,Edge Color Touch 16 Switch,16 Switch,12,remote,glass,29999,Available
Tactus Color EDGE,67,6,Edge Color Touch 16 Switch,16 Switch,12,wifi,acrylic,33099,Available
Tactus Color EDGE,67,6,Edge Color Touch 16 Switch,16 Switch,12,wifi,glass,35599,Available
Tactus Color EDGE,67,6,Edge Color Touch 16 Switch,16 Switch,12,zigbee,acrylic,37399,Available
Tactus Color EDGE,67,6,Edge Color Touch 16 Switch,16 Switch,12,zigbee,glass,39899,Available
Tactus Color EDGE,68,6,Edge Color Touch 6 Switch 2 Fan 2 Socket (6A),6 Switch 2 Fan 2 Socket (6A),12,remote,acrylic,22999,Available
Tactus Color EDGE,68,6,Edge Color Touch 6 Switch 2 Fan 2 Socket (6A),6 Switch 2 Fan 2 Socket (6A),12,remote,glass,25799,Available
Tactus Color EDGE,68,6,Edge Color Touch 6 Switch 2 Fan 2 Socket (6A),6 Switch 2 Fan 2 Socket (6A),12,wifi,acrylic,28599,Available
Tactus Color EDGE,68,6,Edge Color Touch 6 Switch 2 Fan 2 Socket (6A),6 Switch 2 Fan 2 Socket (6A),12,wifi,glass,31399,Available
Tactus Color EDGE,68,6,Edge Color Touch 6 Switch 2 Fan 2 Socket (6A),6 Switch 2 Fan 2 Socket (6A),12,zigbee,acrylic,32899,Available
Tactus Color EDGE,68,6,Edge Color Touch 6 Switch 2 Fan 2 Socket (6A),6 Switch 2 Fan 2 Socket (6A),12,zigbee,glass,35699,Available
Tactus Color EDGE,69,6,Edge Socket 6 AMP. (3-Pin) ( Only Available in Acrylic ),Edge Socket 6 AMP. (3-Pin),2,remote,acrylic,1499,Available
Tactus Color EDGE,69,6,Edge Socket 6 AMP. (3-Pin) ( Only Available in Acrylic ),Edge Socket 6 AMP. (3-Pin),2,wifi,acrylic,1499,Available
Tactus Color EDGE,69,6,Edge Socket 6 AMP. (3-Pin) ( Only Available in Acrylic ),Edge Socket 6 AMP. (3-Pin),2,zigbee,acrylic,1499,Available
Tactus Color EDGE,70,6,Edge Socket 6 AMP. ( Only Available in Acrylic ),Edge Socket 6 AMP.,2,remote,acrylic,1499,Available
Tactus Color EDGE,70,6,Edge Socket 6 AMP. ( Only Available in Acrylic ),Edge Socket 6 AMP.,2,wifi,acrylic,1499,Available
Tactus Color EDGE,70,6,Edge Socket 6 AMP. ( Only Available in Acrylic ),Edge Socket 6 AMP.,2,zigbee,acrylic,1499,Available
Tactus Color EDGE,71,6,Edge 16A Socket ( Only Available in Acrylic ),Edge 16A Socket,2,remote,acrylic,1799,Available
Tactus Color EDGE,71,6,Edge 16A Socket ( Only Available in Acrylic ),Edge 16A Socket,2,wifi,acrylic,1799,Available
Tactus Color EDGE,71,6,Edge 16A Socket ( Only Available in Acrylic ),Edge 16A Socket,2,zigbee,acrylic,1799,Available
Tactus Color EDGE,72,6,Edge Double USB Charger A-Type & C-Type. ( Only Available in Acrylic ),Edge Double USB Charger A-Type & C-Type.,2,remote,acrylic,4099,Available
Tactus Color EDGE,72,6,Edge Double USB Charger A-Type & C-Type. ( Only Available in Acrylic ),Edge Double USB Charger A-Type & C-Type.,2,wifi,acrylic,4099,Available
Tactus Color EDGE,72,6,Edge Double USB Charger A-Type & C-Type. ( Only Available in Acrylic ),Edge Double USB Charger A-Type & C-Type.,2,zigbee,acrylic,4099,Available
